time; distance; velocity towards goal direction; overall
0; 0.256184; 0; 0
0.064; 0.25581; 0.865818; 0.221485
0.128; 0.256004; 0.447901; 0.114664
0.192; 0.255883; 0.278449; 0.0712505
0.256; 0.255984; 0.233559; 0.0597873
0.32; 0.256242; 0.59762; 0.153135
0.384; 0.256634; 0.905586; 0.232404
0.448; 0.256969; 0.773906; 0.19887
0.512; 0.257326; 0.817965; 0.210483
0.576; 0.257778; 1.03953; 0.267968
0.64; 0.258232; 1.03996; 0.268551
0.704; 0.258688; 1.04122; 0.26935
0.768; 0.259145; 1.04017; 0.269554
0.832; 0.259604; 1.04113; 0.270281
0.896; 0.260065; 1.04138; 0.270827
0.96; 0.260525; 1.03525; 0.269709
1.024; 0.260987; 1.03712; 0.270675
1.088; 0.26145; 1.03669; 0.271044
1.152; 0.261788; 0.754731; 0.197579
1.216; 0.26223; 0.984787; 0.258241
1.28; 0.262696; 1.03372; 0.271554
1.344; 0.263092; 0.879332; 0.231346
1.408; 0.263253; 0.370282; 0.0974779
1.472; 0.263679; 0.940469; 0.247982
1.536; 0.264047; 0.81074; 0.214074
1.6; 0.264384; 0.74343; 0.196551
1.664; 0.264846; 1.01398; 0.268549
1.728; 0.265324; 1.04568; 0.277445
1.792; 0.265797; 1.02966; 0.27368
1.856; 0.266269; 1.02731; 0.27354
1.92; 0.26675; 1.04164; 0.277858
1.984; 0.267233; 1.04222; 0.278515
2.048; 0.267718; 1.04135; 0.278788
2.112; 0.268204; 1.04234; 0.279561
2.176; 0.268597; 0.844227; 0.226756
2.24; 0.269085; 1.04408; 0.280945
2.304; 0.269574; 1.04234; 0.280989
2.368; 0.270066; 1.04252; 0.281549
2.432; 0.270559; 1.04379; 0.282407
2.496; 0.271054; 1.04154; 0.282313
2.56; 0.271552; 1.04572; 0.283967
2.624; 0.272051; 1.04422; 0.284082
2.688; 0.272551; 1.04117; 0.283771
2.752; 0.272887; 0.711023; 0.194029
2.816; 0.273365; 0.99168; 0.27109
2.88; 0.273869; 1.04039; 0.284931
2.944; 0.274375; 1.0409; 0.285596
3.008; 0.274883; 1.04177; 0.286364
3.072; 0.275395; 1.04554; 0.287935
3.136; 0.275906; 1.04008; 0.286963
3.2; 0.27642; 1.0429; 0.28828
3.264; 0.276938; 1.04444; 0.289245
3.328; 0.277456; 1.04175; 0.28904
3.392; 0.277976; 1.04231; 0.289736
3.456; 0.278497; 1.04098; 0.28991
3.52; 0.279021; 1.04297; 0.29101
3.584; 0.279547; 1.04217; 0.291337
3.648; 0.280076; 1.04358; 0.292282
3.712; 0.280607; 1.04199; 0.292389
3.776; 0.28114; 1.04373; 0.293433
3.84; 0.281674; 1.04245; 0.293632
3.904; 0.282211; 1.04277; 0.294281
3.968; 0.282752; 1.04559; 0.295643
4.032; 0.283291; 1.03897; 0.294331
4.096; 0.283654; 0.707251; 0.200615
4.16; 0.284171; 0.990262; 0.281404
4.224; 0.284719; 1.04366; 0.297151
4.288; 0.28527; 1.04486; 0.298067
4.352; 0.285823; 1.04385; 0.298357
4.416; 0.286376; 1.04008; 0.297856
4.48; 0.286914; 1.00645; 0.288766
4.544; 0.28745; 0.999121; 0.287198
4.608; 0.287978; 0.978547; 0.2818
4.672; 0.288544; 1.04364; 0.301136
4.736; 0.289111; 1.04032; 0.300768
4.8; 0.289629; 0.949255; 0.274932
4.864; 0.290051; 0.773596; 0.224382
4.928; 0.290604; 1.00621; 0.292408
4.992; 0.29115; 0.987788; 0.287594
5.056; 0.291634; 0.875366; 0.255286
5.12; 0.292024; 0.705298; 0.205964
5.184; 0.292461; 0.789204; 0.230811
5.248; 0.292919; 0.82481; 0.241602
5.312; 0.293324; 0.731023; 0.214427
5.376; 0.293575; 0.463419; 0.136048
5.44; 0.293979; 0.727574; 0.213892
5.504; 0.294439; 0.821809; 0.241972
5.568; 0.294897; 0.816682; 0.240837
5.632; 0.295349; 0.804162; 0.237509
5.696; 0.295823; 0.839713; 0.248406
5.76; 0.296334; 0.902343; 0.267395
5.824; 0.296787; 0.80326; 0.238397
5.888; 0.297327; 0.946409; 0.281393
5.952; 0.297878; 0.964832; 0.287403
6.016; 0.298417; 0.93957; 0.280383
6.08; 0.298998; 1.01162; 0.302471
6.144; 0.299579; 1.00807; 0.301996
6.208; 0.30013; 0.950753; 0.285349
6.272; 0.300702; 0.986791; 0.296731
6.336; 0.301258; 0.951541; 0.286659
6.4; 0.301819; 0.958647; 0.289338
6.464; 0.302401; 0.99241; 0.300106
6.528; 0.30298; 0.98244; 0.29766
6.592; 0.303375; 0.675908; 0.205053
6.656; 0.303821; 0.758253; 0.230374
6.72; 0.304426; 1.02632; 0.31244
6.784; 0.305039; 1.03449; 0.31556
6.848; 0.305653; 1.03156; 0.3153
6.912; 0.306269; 1.0307; 0.315671
6.976; 0.30689; 1.03529; 0.31772
7.04; 0.307513; 1.03487; 0.318236
7.104; 0.308139; 1.03377; 0.318547
7.168; 0.308765; 1.02872; 0.317632
7.232; 0.309394; 1.0292; 0.318429
7.296; 0.309815; 0.703885; 0.218074
7.36; 0.310421; 0.98486; 0.305721
7.424; 0.31106; 1.03363; 0.321521
7.488; 0.311705; 1.03745; 0.323379
7.552; 0.312351; 1.03568; 0.323496
7.616; 0.313001; 1.03786; 0.32485
7.68; 0.313655; 1.03933; 0.325992
7.744; 0.314311; 1.03855; 0.326429
7.808; 0.314969; 1.03695; 0.326606
7.872; 0.31563; 1.03785; 0.327576
7.936; 0.316293; 1.03802; 0.32832
8; 0.316961; 1.0402; 0.329701
8.064; 0.317629; 1.03674; 0.3293
8.128; 0.3183; 1.03744; 0.330219
8.192; 0.318971; 1.03221; 0.329246
8.256; 0.319649; 1.03961; 0.332311
8.32; 0.320327; 1.03583; 0.331803
8.384; 0.321008; 1.03686; 0.33284
8.448; 0.321692; 1.03662; 0.333473
8.512; 0.322379; 1.0365; 0.334147
8.576; 0.323068; 1.0364; 0.334827
8.64; 0.32376; 1.03618; 0.335474
8.704; 0.324454; 1.03538; 0.335934
8.768; 0.325154; 1.04038; 0.338285
8.832; 0.325856; 1.03881; 0.338502
8.896; 0.32656; 1.03715; 0.338693
8.96; 0.327266; 1.03724; 0.339455
9.024; 0.327976; 1.03845; 0.340585
9.088; 0.328447; 0.702202; 0.230636
9.152; 0.329125; 0.988754; 0.325424
9.216; 0.329841; 1.03681; 0.341984
9.28; 0.330559; 1.03539; 0.342259
9.344; 0.331282; 1.03768; 0.343764
9.408; 0.332004; 1.03333; 0.343071
9.472; 0.332732; 1.03832; 0.345483
9.536; 0.333462; 1.03551; 0.345304
9.6; 0.334195; 1.0367; 0.346458
9.664; 0.334931; 1.03791; 0.347629
9.728; 0.335669; 1.03549; 0.34758
9.792; 0.336408; 1.03334; 0.347625
9.856; 0.337154; 1.03844; 0.350114
9.92; 0.337898; 1.0311; 0.348405
9.984; 0.338642; 1.02729; 0.347885
10.048; 0.339393; 1.03389; 0.350893
10.112; 0.34014; 1.02548; 0.348806
10.176; 0.340896; 1.0333; 0.352247
10.24; 0.341395; 0.697393; 0.238086
10.304; 0.342121; 0.989485; 0.338523
10.368; 0.342723; 0.824564; 0.282597
10.432; 0.343485; 1.0249; 0.352038
10.496; 0.34425; 1.02388; 0.352471
10.56; 0.345016; 1.02284; 0.352896
10.624; 0.345634; 0.824134; 0.284849
10.688; 0.346394; 1.01723; 0.352363
10.752; 0.346894; 0.691238; 0.239786
10.816; 0.347616; 0.962491; 0.334577
10.88; 0.348385; 1.02059; 0.355559
10.944; 0.349151; 1.01029; 0.352744
11.008; 0.349917; 1.00843; 0.352867
11.072; 0.350683; 1.0027; 0.35163
11.136; 0.351455; 1.00648; 0.353734
11.2; 0.351953; 0.667371; 0.234883
11.264; 0.352678; 0.940585; 0.331724
11.328; 0.353443; 0.98344; 0.34759
11.392; 0.354207; 0.978973; 0.346759
11.456; 0.35497; 0.971948; 0.345012
11.52; 0.355729; 0.962277; 0.34231
11.584; 0.356489; 0.958188; 0.341584
11.648; 0.35673; 0.376523; 0.134317
11.712; 0.357393; 0.834759; 0.298337
11.776; 0.358134; 0.92408; 0.330945
11.84; 0.358601; 0.591662; 0.21217
11.904; 0.359315; 0.88453; 0.317825
11.968; 0.360074; 0.93268; 0.335834
12.032; 0.360827; 0.922616; 0.332905
12.096; 0.361285; 0.56793; 0.205184
12.16; 0.361838; 0.669212; 0.242146
12.224; 0.362565; 0.887219; 0.321674
12.288; 0.363287; 0.877465; 0.318771
12.352; 0.363687; 0.499274; 0.18158
12.416; 0.364384; 0.839294; 0.305826
12.48; 0.364838; 0.568176; 0.207292
12.544; 0.365612; 0.929733; 0.339922
12.608; 0.366215; 0.730477; 0.267512
12.672; 0.366674; 0.565789; 0.20746
12.736; 0.367199; 0.64474; 0.236748
12.8; 0.367467; 0.356405; 0.130967
12.864; 0.36809; 0.74078; 0.272674
12.928; 0.368841; 0.874932; 0.322711
12.992; 0.369095; 0.318684; 0.117625
13.056; 0.369468; 0.431726; 0.159509
13.12; 0.36987; 0.455879; 0.168616
13.184; 0.370601; 0.834231; 0.309167
13.248; 0.371217; 0.713017; 0.264684
13.312; 0.371193; 0.110645; 0.0410705
13.376; 0.371862; 0.762787; 0.283652
13.44; 0.372117; 0.304453; 0.113292
13.504; 0.372339; 0.280159; 0.104314
13.568; 0.373061; 0.81664; 0.304657
13.632; 0.373212; 0.182322; 0.0680447
13.696; 0.373895; 0.769309; 0.287641
13.76; 0.374041; 0.177804; 0.0665061
13.824; 0.37472; 0.762035; 0.285549
13.888; 0.375255; 0.595411; 0.223431
13.952; 0.375601; 0.397049; 0.149132
14.016; 0.376004; 0.447895; 0.16841
14.08; 0.376398; 0.449184; 0.169072
14.144; 0.377099; 0.777807; 0.29331
14.208; 0.37753; 0.471586; 0.178038
14.272; 0.377915; 0.433812; 0.163944
14.336; 0.37829; 0.410034; 0.155112
14.4; 0.378973; 0.747543; 0.283299
14.464; 0.379461; 0.529054; 0.200755
14.528; 0.379613; 0.205516; 0.0780165
14.592; 0.38013; 0.58377; 0.221909
14.656; 0.3808; 0.759247; 0.289122
14.72; 0.381192; 0.447029; 0.170404
14.784; 0.381866; 0.731294; 0.279256
14.848; 0.382418; 0.608404; 0.232665
14.912; 0.382827; 0.46481; 0.177942
14.976; 0.383447; 0.684645; 0.262525
15.04; 0.383959; 0.559988; 0.215012
15.104; 0.38454; 0.633659; 0.243667
15.168; 0.385053; 0.557017; 0.214481
15.232; 0.38565; 0.649668; 0.250544
15.296; 0.386032; 0.461014; 0.177966
15.36; 0.38653; 0.539455; 0.208516
15.424; 0.386809; 0.331377; 0.12818
15.488; 0.387282; 0.508187; 0.196812
15.552; 0.387433; 0.200276; 0.0775935
15.616; 0.388016; 0.634483; 0.24619
15.68; 0.388542; 0.560206; 0.217663
15.744; 0.388479; 0.11838; 0.0459881
15.808; 0.388909; 0.460834; 0.179223
15.872; 0.389165; 0.29859; 0.116201
15.936; 0.389303; 0.165621; 0.0644769
16; 0.389816; 0.548125; 0.213668
16.064; 0.389777; 0.121492; 0.0473548
16.128; 0.390199; 0.449409; 0.175359
16.192; 0.390517; 0.372827; 0.145595
16.256; 0.391181; 0.717353; 0.280615
16.32; 0.391519; 0.377815; 0.147922
16.384; 0.392186; 0.698904; 0.274101
16.448; 0.392565; 0.406796; 0.159694
16.512; 0.393228; 0.68459; 0.2692
16.576; 0.393955; 0.743585; 0.292939
16.64; 0.394333; 0.402884; 0.158871
16.704; 0.395013; 0.693271; 0.273851
16.768; 0.395061; 0.0693822; 0.0274102
16.832; 0.395692; 0.639742; 0.253141
16.896; 0.396569; 0.892256; 0.353841
16.96; 0.397025; 0.475771; 0.188893
17.024; 0.397876; 0.856757; 0.340883
17.088; 0.398781; 0.903459; 0.360282
17.152; 0.39969; 0.9036; 0.36116
17.216; 0.400601; 0.900721; 0.36083
17.28; 0.401497; 0.87917; 0.352984
17.344; 0.402383; 0.865161; 0.348126
17.408; 0.403299; 0.893889; 0.360505
17.472; 0.404185; 0.855693; 0.345858
17.536; 0.40515; 0.92804; 0.375996
17.6; 0.406124; 0.930254; 0.377798
17.664; 0.407101; 0.931931; 0.37939
17.728; 0.408083; 0.931183; 0.38
17.792; 0.40907; 0.933132; 0.381716
17.856; 0.409333; 0.24836; 0.101662
17.92; 0.409832; 0.490483; 0.201016
17.984; 0.41077; 0.881794; 0.362215
18.048; 0.411418; 0.593114; 0.244018
18.112; 0.411968; 0.533563; 0.219811
18.176; 0.41219; 0.211524; 0.0871881
18.24; 0.412691; 0.484229; 0.199837
18.304; 0.412892; 0.189341; 0.0781771
18.368; 0.413409; 0.48092; 0.198816
18.432; 0.413945; 0.518444; 0.214607
18.496; 0.414087; 0.131382; 0.0544035
18.56; 0.414943; 0.794114; 0.329512
18.624; 0.415896; 0.876777; 0.364648
18.688; 0.416791; 0.820245; 0.341871
18.752; 0.416974; 0.19523; 0.0814059
18.816; 0.417787; 0.739078; 0.308777
18.88; 0.418397; 0.572284; 0.239442
18.944; 0.419279; 0.799941; 0.335398
19.008; 0.420229; 0.856329; 0.359855
19.072; 0.421174; 0.847989; 0.357151
19.136; 0.421909; 0.671276; 0.283217
19.2; 0.422483; 0.493135; 0.208341
19.264; 0.423001; 0.482521; 0.204107
19.328; 0.423876; 0.777791; 0.329687
19.392; 0.424906; 0.904908; 0.384501
19.456; 0.425941; 0.907715; 0.386633
19.52; 0.426611; 0.562718; 0.240062
19.584; 0.427184; 0.49811; 0.212784
19.648; 0.427753; 0.520215; 0.222523
19.712; 0.428358; 0.504629; 0.216162
19.776; 0.429254; 0.76011; 0.32628
19.84; 0.429867; 0.52239; 0.224558
19.904; 0.430866; 0.849795; 0.366148
19.968; 0.431928; 0.899252; 0.388412
20.032; 0.433; 0.904156; 0.3915
20.096; 0.434077; 0.905788; 0.393181
20.16; 0.435156; 0.903271; 0.393064
20.224; 0.436242; 0.907249; 0.39578
20.288; 0.437334; 0.907515; 0.396887
20.352; 0.438011; 0.563111; 0.246649
20.416; 0.439037; 0.847685; 0.372165
20.48; 0.440122; 0.893647; 0.393313
20.544; 0.441211; 0.893243; 0.394109
20.608; 0.442306; 0.896394; 0.39648
20.672; 0.442981; 0.549972; 0.243627
20.736; 0.44346; 0.409112; 0.181425
20.8; 0.444266; 0.662646; 0.294391
20.864; 0.444818; 0.462271; 0.205626
20.928; 0.44543; 0.493845; 0.219973
20.992; 0.446308; 0.700895; 0.312815
21.056; 0.447171; 0.671855; 0.300434
21.12; 0.448074; 0.695484; 0.311628
21.184; 0.448212; 0.107283; 0.0480857
21.248; 0.448918; 0.539916; 0.242378
21.312; 0.449824; 0.683935; 0.30765
21.376; 0.450319; 0.341262; 0.153677
21.44; 0.450782; 0.332291; 0.149791
21.504; 0.451657; 0.641981; 0.289956
21.568; 0.452313; 0.505127; 0.228475
21.632; 0.452724; 0.297833; 0.134836
21.696; 0.453251; 0.387777; 0.17576
21.76; 0.454139; 0.645735; 0.293254
21.824; 0.454711; 0.455735; 0.207228
21.888; 0.455573; 0.632233; 0.288029
21.952; 0.456563; 0.713275; 0.325655
22.016; 0.457302; 0.580491; 0.26546
22.08; 0.458499; 0.869194; 0.398525
22.144; 0.459768; 0.917357; 0.421772
22.208; 0.460507; 0.565394; 0.260368
22.272; 0.461667; 0.83368; 0.384883
22.336; 0.462891; 0.881469; 0.408024
22.4; 0.464147; 0.902892; 0.419075
22.464; 0.465354; 0.856764; 0.398699
22.528; 0.466592; 0.868393; 0.405185
22.592; 0.467868; 0.879729; 0.411597
22.656; 0.469152; 0.878694; 0.412241
22.72; 0.470239; 0.733461; 0.344902
22.784; 0.47136; 0.747583; 0.352381
22.848; 0.472611; 0.809165; 0.38242
22.912; 0.473868; 0.810104; 0.383882
22.976; 0.475126; 0.803383; 0.381708
23.04; 0.476399; 0.810026; 0.385895
23.104; 0.477668; 0.79981; 0.382043
23.168; 0.478417; 0.45011; 0.21534
23.232; 0.479465; 0.642983; 0.308288
23.296; 0.480411; 0.571219; 0.27442
23.36; 0.481665; 0.76589; 0.368902
23.424; 0.482927; 0.766576; 0.3702
23.488; 0.483736; 0.468979; 0.226862
23.552; 0.484908; 0.700051; 0.33946
23.616; 0.48617; 0.752468; 0.365827
23.68; 0.487428; 0.746278; 0.363757
23.744; 0.488697; 0.747655; 0.365377
23.808; 0.489414; 0.394388; 0.193019
23.872; 0.490592; 0.682306; 0.334734
23.936; 0.491308; 0.390426; 0.191819
24; 0.492487; 0.677043; 0.333435
24.064; 0.493203; 0.388527; 0.191623
24.128; 0.494588; 0.845747; 0.418296
24.192; 0.495699; 0.592947; 0.293923
24.256; 0.496583; 0.520605; 0.258523
24.32; 0.498004; 0.862654; 0.429605
24.384; 0.499522; 0.917816; 0.458469
24.448; 0.501052; 0.9211; 0.461519
24.512; 0.501981; 0.554864; 0.278531
24.576; 0.503424; 0.862229; 0.434066
24.64; 0.504961; 0.916737; 0.462916
24.704; 0.506502; 0.916193; 0.464054
24.768; 0.50805; 0.916545; 0.46565
24.832; 0.509606; 0.918173; 0.467906
24.896; 0.511167; 0.918653; 0.469585
24.96; 0.51274; 0.920857; 0.47216
25.024; 0.513945; 0.707683; 0.36371
25.088; 0.515515; 0.91608; 0.472253
25.152; 0.517101; 0.922569; 0.477061
25.216; 0.518667; 0.90403; 0.468891
25.28; 0.519847; 0.572746; 0.29774
25.344; 0.521424; 0.907511; 0.473199
25.408; 0.523008; 0.915092; 0.478601
25.472; 0.524607; 0.920327; 0.48281
25.536; 0.526227; 0.930502; 0.489655
25.6; 0.527861; 0.934579; 0.493328
25.664; 0.529219; 0.697499; 0.36913
25.728; 0.530775; 0.861205; 0.457106
25.792; 0.532196; 0.727327; 0.38708
25.856; 0.533841; 0.930271; 0.496617
25.92; 0.535566; 0.968207; 0.518539
25.984; 0.537114; 0.803444; 0.431541
26.048; 0.538529; 0.662195; 0.356611
26.112; 0.540169; 0.85772; 0.463314
26.176; 0.541955; 0.972479; 0.527039
26.24; 0.54379; 1.00526; 0.546649
26.304; 0.545626; 0.998569; 0.544845
26.368; 0.547483; 1.00848; 0.552128
26.432; 0.549315; 0.990114; 0.543885
26.496; 0.551167; 0.998495; 0.550338
26.56; 0.553016; 0.991714; 0.548434
26.624; 0.554874; 0.994187; 0.551648
26.688; 0.556043; 0.65263; 0.362891
26.752; 0.557576; 0.823003; 0.458887
26.816; 0.558578; 0.429828; 0.240092
26.88; 0.560199; 0.78906; 0.442031
26.944; 0.561804; 0.774703; 0.435231
27.008; 0.563628; 0.96295; 0.542746
27.072; 0.56501; 0.752349; 0.425085
27.136; 0.566598; 0.854543; 0.484182
27.2; 0.568429; 0.972516; 0.552806
27.264; 0.570272; 0.974041; 0.555468
27.328; 0.572126; 0.974767; 0.557689
27.392; 0.573979; 0.971183; 0.557438
27.456; 0.575854; 0.976941; 0.562576
27.52; 0.577731; 0.972821; 0.562029
27.584; 0.579617; 0.969865; 0.56215
27.648; 0.581488; 0.954341; 0.554938
27.712; 0.582222; 0.275156; 0.160202
27.776; 0.583668; 0.682585; 0.398403
27.84; 0.585059; 0.634602; 0.37128
27.904; 0.586225; 0.629144; 0.36882
27.968; 0.588012; 0.910755; 0.535535
28.032; 0.589634; 0.836292; 0.493106
28.096; 0.591517; 0.936023; 0.553673
28.16; 0.593405; 0.933704; 0.554064
28.224; 0.595289; 0.923439; 0.549713
28.288; 0.597155; 0.909854; 0.543324
28.352; 0.598939; 0.864121; 0.517555
28.416; 0.60075; 0.871061; 0.523291
28.48; 0.602539; 0.858166; 0.517078
28.544; 0.604371; 0.871062; 0.526444
28.608; 0.606054; 0.807224; 0.489221
28.672; 0.608022; 0.935022; 0.568515
28.736; 0.609996; 0.929943; 0.567262
28.8; 0.611933; 0.90691; 0.554968
28.864; 0.6138; 0.868626; 0.533162
28.928; 0.615632; 0.850278; 0.523459
28.992; 0.617526; 0.875369; 0.540563
29.056; 0.619362; 0.846193; 0.5241
29.12; 0.62132; 0.896077; 0.55675
29.184; 0.623207; 0.858755; 0.535182
29.248; 0.625043; 0.833003; 0.520662
29.312; 0.626981; 0.87373; 0.547812
29.376; 0.628468; 0.528685; 0.332262
29.44; 0.629551; 0.545128; 0.343186
29.504; 0.631226; 0.780355; 0.49258
29.568; 0.631823; 0.18468; 0.116685
29.632; 0.632329; 0.215791; 0.136451
29.696; 0.6341; 0.777712; 0.493147
29.76; 0.635108; 0.512646; 0.325586
29.824; 0.636857; 0.788541; 0.502188
29.888; 0.638765; 0.848284; 0.541854
29.952; 0.640671; 0.845012; 0.541375
30.016; 0.642632; 0.865277; 0.556054
30.08; 0.644542; 0.842887; 0.543276
30.144; 0.645739; 0.54882; 0.354395
30.208; 0.647523; 0.785084; 0.50836
30.272; 0.649733; 0.936597; 0.608538
30.336; 0.651668; 0.838903; 0.546686
30.4; 0.653055; 0.639562; 0.417669
30.464; 0.655132; 0.889585; 0.582796
30.528; 0.656146; 0.51391; 0.3372
30.592; 0.657426; 0.599416; 0.394072
30.656; 0.659551; 0.896489; 0.59128
30.72; 0.661501; 0.837523; 0.554022
30.784; 0.663048; 0.690803; 0.458036
30.848; 0.665218; 0.937771; 0.623822
30.912; 0.667383; 0.93474; 0.62383
30.976; 0.669202; 0.791555; 0.52971
31.04; 0.671324; 0.932412; 0.625951
31.104; 0.673455; 0.935974; 0.630336
31.168; 0.675585; 0.935241; 0.631835
31.232; 0.677725; 0.939696; 0.636855
31.296; 0.678743; 0.573848; 0.389495
31.36; 0.680688; 0.878598; 0.598051
31.424; 0.682768; 0.921325; 0.629051
31.488; 0.684862; 0.92946; 0.636552
31.552; 0.686951; 0.926225; 0.636271
31.616; 0.688677; 0.582577; 0.401207
31.68; 0.688737; 0.192744; 0.13275
31.744; 0.6905; 0.817476; 0.564468
31.808; 0.692544; 0.916735; 0.634879
31.872; 0.694594; 0.921555; 0.640107
31.936; 0.696284; 0.573007; 0.398975
32; 0.696518; 0.276108; 0.192314
32.064; 0.698029; 0.755207; 0.527156
32.128; 0.699441; 0.721363; 0.504551
32.192; 0.701273; 0.843031; 0.591194
32.256; 0.702568; 0.424362; 0.298143
32.32; 0.704591; 0.848122; 0.597579
32.384; 0.70627; 0.783685; 0.553493
32.448; 0.707705; 0.46723; 0.330661
32.512; 0.70908; 0.662394; 0.46969
32.576; 0.71103; 0.88522; 0.629418
32.64; 0.712729; 0.810479; 0.577651
32.704; 0.713464; 0.244712; 0.174593
32.768; 0.714067; 0.463861; 0.331228
32.832; 0.715952; 0.90097; 0.645051
32.896; 0.71741; 0.755093; 0.541711
32.96; 0.71769; 0.394021; 0.282785
33.024; 0.719107; 0.506255; 0.364051
33.088; 0.720641; 0.510107; 0.367604
33.152; 0.720999; 0.415573; 0.299628
33.216; 0.722917; 0.92245; 0.666855
33.28; 0.724071; 0.66418; 0.480914
33.344; 0.725539; 0.540265; 0.391983
33.408; 0.725613; 0.0741522; 0.0538058
33.472; 0.72749; 0.883283; 0.642579
33.536; 0.729287; 0.910494; 0.664011
33.6; 0.730362; 0.665737; 0.486229
33.664; 0.731842; 0.554278; 0.405644
33.728; 0.732263; 0.183245; 0.134183
33.792; 0.73383; 0.812885; 0.596519
33.856; 0.735068; 0.756055; 0.555752
33.92; 0.736299; 0.700551; 0.515815
33.984; 0.73795; 0.891499; 0.657881
34.048; 0.739348; 0.56397; 0.41697
34.112; 0.73988; 0.243831; 0.180406
34.176; 0.741334; 0.79981; 0.592927
34.24; 0.742365; 0.607417; 0.450925
34.304; 0.743671; 0.793501; 0.590103
34.368; 0.745043; 0.589465; 0.439177
34.432; 0.745194; 0.51294; 0.38224
34.496; 0.745548; 0.48385; 0.360733
34.56; 0.746903; 0.567031; 0.423517
34.624; 0.747425; 0.205152; 0.153336
34.688; 0.748378; 0.732555; 0.548228
34.752; 0.747999; 0.314129; 0.234968
34.816; 0.749051; 0.46437; 0.347837
34.88; 0.750174; 0.392151; 0.294181
34.944; 0.750475; 0.515444; 0.386828
35.008; 0.750934; 0.426149; 0.32001
35.072; 0.75226; 0.597895; 0.449772
35.136; 0.753424; 0.842868; 0.635037
35.2; 0.754176; 0.629622; 0.474845
35.264; 0.754665; 0.631134; 0.476294
35.328; 0.756079; 0.827369; 0.625556
35.392; 0.757406; 0.924788; 0.700439
35.456; 0.757779; 0.703543; 0.53313
35.52; 0.757582; 0.571125; 0.432674
35.584; 0.758497; 0.130115; 0.0986917
35.648; 0.758875; 0.586918; 0.445397
35.712; 0.760027; 0.662195; 0.503285
35.776; 0.761168; 0.876456; 0.667131
35.84; 0.762291; 0.935148; 0.712855
35.904; 0.763404; 0.948439; 0.724042
35.968; 0.763839; 0.386677; 0.295359
36.032; 0.76486; 0.866426; 0.662694
36.096; 0.766642; 0.628882; 0.482127
36.16; 0.767145; 0.4291; 0.329182
36.224; 0.766954; 0.625054; 0.479387
36.288; 0.767432; 0.868877; 0.666804
36.352; 0.768889; 0.614594; 0.472554
36.416; 0.770197; 0.584859; 0.450456
36.48; 0.770992; 0.936941; 0.722374
36.544; 0.772048; 0.66595; 0.514145
36.608; 0.772879; 0.949226; 0.733637
36.672; 0.77366; 1.01163; 0.782661
36.736; 0.774419; 0.997732; 0.772663
36.8; 0.775872; 0.660072; 0.512131
36.864; 0.775652; 0.290838; 0.225589
36.928; 0.775839; 0.718494; 0.557436
36.992; 0.776109; 0.75374; 0.584985
37.056; 0.777253; 0.102551; 0.079708
37.12; 0.778152; 0.651025; 0.506596
37.184; 0.779012; 0.682298; 0.531519
37.248; 0.779454; 1.01562; 0.791629
37.312; 0.779908; 0.991823; 0.773531
37.376; 0.78029; 0.996333; 0.777428
37.44; 0.78139; 0.741937; 0.579742
37.504; 0.781611; 0.972449; 0.760077
37.568; 0.78154; 1.00477; 0.785265
37.632; 0.781126; 1.00318; 0.783614
37.696; 0.780888; 0.679942; 0.530959
37.76; 0.780437; 0.695275; 0.542619
37.824; 0.778908; 0.96212; 0.749403
37.888; 0.778111; 0.636383; 0.495176
37.952; 0.776587; 0.600451; 0.466302
38.016; 0.774829; 0.95937; 0.743348
38.08; 0.773085; 0.914875; 0.707277
38.144; 0.772047; 0.418174; 0.32285
38.208; 0.771156; 0.50489; 0.389349
38.272; 0.770318; 0.628179; 0.483898
38.336; 0.768912; 0.801462; 0.616254
38.4; 0.767015; 0.991184; 0.760253
38.464; 0.765078; 1.00496; 0.768872
38.528; 0.763105; 0.997036; 0.760843
38.592; 0.761778; 0.774987; 0.590369
38.656; 0.759706; 0.946213; 0.718844
38.72; 0.757677; 0.954108; 0.722905
38.784; 0.755639; 0.930926; 0.703445
38.848; 0.753585; 0.972066; 0.732534
38.912; 0.751521; 0.966699; 0.726495
38.976; 0.749517; 0.933756; 0.699867
39.04; 0.748403; 0.629688; 0.47126
39.104; 0.746774; 0.770472; 0.575369
39.168; 0.745855; 0.552831; 0.412332
39.232; 0.743868; 0.818458; 0.608825
39.296; 0.742191; 0.628582; 0.466528
39.36; 0.740185; 0.838014; 0.620285
39.424; 0.738145; 0.90554; 0.66842
39.488; 0.736026; 0.94025; 0.692048
39.552; 0.733979; 0.905394; 0.66454
39.616; 0.732938; 0.569905; 0.417705
39.68; 0.731039; 0.838963; 0.613314
39.744; 0.728939; 0.898377; 0.654862
39.808; 0.727951; 0.528981; 0.385072
39.872; 0.725955; 0.859357; 0.623854
39.936; 0.724844; 0.557664; 0.40422
40; 0.722837; 0.858516; 0.620567
40.064; 0.720769; 0.870146; 0.627174
40.128; 0.719652; 0.560819; 0.403594
40.192; 0.718142; 0.670505; 0.481518
40.256; 0.716698; 0.66789; 0.478676
40.32; 0.71461; 0.857194; 0.612559
40.384; 0.713051; 0.69129; 0.492925
40.448; 0.712504; 0.310737; 0.221401
40.512; 0.710528; 0.806317; 0.572911
40.576; 0.708974; 0.690685; 0.489678
40.64; 0.707802; 0.579409; 0.410107
40.704; 0.706514; 0.522297; 0.36901
40.768; 0.70532; 0.349663; 0.246625
40.832; 0.705086; 0.214256; 0.151069
40.896; 0.704158; 0.52014; 0.366261
40.96; 0.702684; 0.648117; 0.455422
41.024; 0.701526; 0.375954; 0.263741
41.088; 0.701897; 0.164563; 0.115506
41.152; 0.700735; 0.47913; 0.335743
41.216; 0.700158; 0.177313; 0.124147
41.28; 0.699419; 0.259038; 0.181176
41.344; 0.698067; 0.567802; 0.396364
41.408; 0.697999; 0.0735996; 0.0513724
41.472; 0.696675; 0.627692; 0.437297
41.536; 0.695272; 0.638307; 0.443797
41.6; 0.693948; 0.605104; 0.419911
41.664; 0.693297; 0.453803; 0.31462
41.728; 0.691745; 0.726378; 0.502468
41.792; 0.689868; 0.828038; 0.571237
41.856; 0.688051; 0.811909; 0.558635
41.92; 0.686331; 0.780597; 0.535747
41.984; 0.684665; 0.761534; 0.521396
42.048; 0.682983; 0.765832; 0.52305
42.112; 0.681344; 0.753124; 0.513136
42.176; 0.680858; 0.374933; 0.255276
42.24; 0.679482; 0.661849; 0.449714
42.304; 0.678054; 0.657339; 0.445711
42.368; 0.676463; 0.727888; 0.492389
42.432; 0.674957; 0.700753; 0.472978
42.496; 0.673537; 0.665421; 0.448186
42.56; 0.67211; 0.670086; 0.450371
42.624; 0.67065; 0.612341; 0.410666
42.688; 0.669399; 0.401498; 0.268763
42.752; 0.668801; 0.345068; 0.230782
42.816; 0.668254; 0.169153; 0.113037
42.88; 0.666801; 0.580541; 0.387106
42.944; 0.665786; 0.479407; 0.319182
43.008; 0.664333; 0.602592; 0.400321
43.072; 0.66274; 0.658566; 0.436458
43.136; 0.662158; 0.229705; 0.152101
43.2; 0.661439; 0.246048; 0.162746
43.264; 0.661104; 0.195019; 0.128928
43.328; 0.659522; 0.664497; 0.438251
43.392; 0.658211; 0.566355; 0.372781
43.456; 0.657642; 0.313106; 0.205912
43.52; 0.656914; 0.247492; 0.162581
43.584; 0.656389; 0.280