time; pose_x; pose_y; pose_heading;  gps_x; gps_y; gps_z; acc_0; acc_1; acc_2; right_enc; left_enc; odo_acc_x; odo_acc_y; odo_acc_heading; odo_enc_x; odo_enc_y; odo_enc_heading; kal_x; kal_y; kal_vx; kal_vy
0.016; 0; 0; 0; 0; 0; 0; 0.000175566; 0.00779269; 9.78579; 0.0072; -0.0072; -4.93656e-09; 0; 0; 0; 0; 0.00505263; 0; 0; -3.08531e-07; -1.55891e-09
0.032; 0; 0; 0; 0; 0; 0; 0.000157199; 8.24754; 9.57853; 0.1044; 0.09; 0.00210933; 1.06578e-05; 0.00505263; 0.00194398; 9.82227e-06; 0.00505263; -4.9241e-09; -2.48799e-11; 0.131834; 0.000666113
0.048; 0; 0; 0; 0; 0; 0; 0.000158149; -4.38398; 9.78795; 0.198; 0.1836; 0.00309439; 1.5635e-05; 0.00505263; 0.00381595; 1.92808e-05; 0.00505263; 0.00210253; 1.06234e-05; 0.0615658; 0.000311072
0.064; 0; 0; 0; 0; 0; 0; 0.000107586; 4.76009; 9.75453; 0.3096; 0.3132; 0.00529601; 2.67591e-05; 0.00505263; 0.00622792; 3.14677e-05; -0.00126316; 0.00307549; 1.55394e-05; 0.137602; 0.000215025
0.08; 0; 0; 0; 0; 0; 0; 9.95245e-05; 0.135932; 9.81003; 0.4068; 0.4032; 0.00753046; 2.39366e-05; -0.00126316; 0.00809992; 2.9103e-05; 0.00126316; 0.00525294; 1.88929e-05; 0.139651; 0.000217613
0.096; 0; 0; 0; 0; 0; 0; 5.15729e-05; 0.0970974; 9.81246; 0.5112; 0.5148; 0.00978776; 2.67879e-05; 0.00126316; 0.0102599; 3.18314e-05; -0.00126316; 0.00744828; 2.2258e-05; 0.141079; 0.000215807
0.112; 0; 0; 0; 0; 0; 0; 4.29571e-05; 0.0578946; 9.81257; 0.612; 0.5976; 0.0120579; 2.39204e-05; -0.00126316; 0.0120959; 2.95123e-05; 0.00505263; 0.00964891; 2.5561e-05; 0.141879; 0.000219853
0.128; 0; 0; 0; 0; 0; 0; 3.56148e-05; 0.0179972; 9.81252; 0.702; 0.7128; 0.0143306; 3.54036e-05; 0.00505263; 0.0141479; 3.98802e-05; -0.00378947; 0.0118424; 2.88919e-05; 0.14204; 0.000219232
0.144; 0; 0; 0; 0; 0; 0; 2.92912e-05; -0.0220075; 9.8123; 0.8028; 0.81; 0.0165957; 2.68201e-05; -0.00378947; 0.0161279; 3.23771e-05; -0.00252632; 0.0140164; 3.21734e-05; 0.14156; 0.000220434
0.16; 0; 0; 0; 0; 0; 0; 4.90925e-05; -0.0217829; 9.81143; 0.9036; 0.8892; 0.0188532; 2.11169e-05; -0.00252632; 0.0179279; 2.78297e-05; 0.00505263; 0.0161587; 3.54317e-05; 0.141083; 0.000218036
0.176; 0; 0; 0; 0; 0; 0; -8.34056e-06; -0.0210432; 9.80906; 1.0116; 1.008; 0.0211033; 3.2486e-05; 0.00505263; 0.0201958; 3.92891e-05; 0.00126316; 0.0182677; 3.86073e-05; 0.140616; 0.000217448
0.192; 0; 0; 0; 0; 0; 0; 1.65549e-05; -0.0198954; 9.81052; 1.098; 1.1016; 0.0233464; 3.53193e-05; 0.00126316; 0.0219958; 4.15627e-05; -0.00126316; 0.020342; 4.17272e-05; 0.140167; 0.000218001
0.208; 0; 0; 0; 0; 0; 0; 1.31769e-05; -0.018295; 9.81042; 1.206; 1.1916; 0.0255827; 3.24944e-05; -0.00126316; 0.0239758; 3.90617e-05; 0.00505263; 0.0223808; 4.48079e-05; 0.139742; 0.000215883
0.224; 0; 0; 0; 0; 0; 0; 1.02126e-05; -0.016288; 9.81033; 1.3068; 1.2996; 0.0278129; 4.37627e-05; 0.00505263; 0.0260638; 4.96115e-05; 0.00252632; 0.0243832; 4.78055e-05; 0.139347; 0.000214901
0.24; 0; 0; 0; 0; 0; 0; 7.64343e-06; -0.0139065; 9.81027; 1.3968; 1.3968; 0.0300375; 4.93828e-05; 0.00252632; 0.0279358; 5.43408e-05; -1.9082e-17; 0.0263488; 5.07372e-05; 0.13899; 0.000214891
0.256; 0; 0; 0; 0; 0; 0; 4.14274e-06; -0.0112029; 9.81022; 1.5192; 1.5084; 0.0322573; 4.93828e-05; -1.9082e-17; 0.0302758; 5.43408e-05; 0.00378947; 0.0282773; 5.36175e-05; 0.138673; 0.000213728
0.272; 0; 0; 0; 0; 0; 0; -1.98523e-06; -0.00821345; 9.81018; 1.6128; 1.6236; 0.0344729; 5.7779e-05; 0.00378947; 0.0323638; 6.22532e-05; -0.00378947; 0.0301688; 5.64274e-05; 0.138403; 0.000214688
0.288; 0; 0; 0; 0; 0; 0; -8.07269e-06; -0.0049846; 9.81015; 1.7064; 1.6992; 0.0366853; 4.93952e-05; -0.00378947; 0.0340558; 5.58414e-05; 0.00252632; 0.0320234; 5.92004e-05; 0.138182; 0.000214159
0.304; 0; 0; 0; 0; 0; 0; -1.4057e-05; -0.00156051; 9.81012; 1.8; 1.8072; 0.0388953; 5.49784e-05; 0.00252632; 0.0360718; 6.09345e-05; -0.00252632; 0.0338417; 6.19121e-05; 0.138014; 0.000214524
0.32; 0; 0; 0; 0; 0; 0; -1.98795e-05; 0.00201534; 9.8101; 1.9008; 1.9332; 0.0411038; 4.9399e-05; -0.00252632; 0.0383398; 5.52048e-05; -0.0113684; 0.035624; 6.45769e-05; 0.137901; 0.000215564
0.336; 0; 0; 0; 0; 0; 0; -2.5489e-05; 0.00571258; 9.81008; 1.9908; 2.0088; 0.0433116; 2.42984e-05; -0.0113684; 0.0399957; 3.63791e-05; -0.00631579; 0.0373711; 6.72051e-05; 0.137845; 0.000215761
0.352; 0; 0; 0; 0; 0; 0; -2.93359e-05; 0.00944202; 9.81007; 2.1132; 2.0808; 0.0455199; 1.03509e-05; -0.00631579; 0.0419396; 2.41013e-05; 0.0113684; 0.0390839; 6.97834e-05; 0.137846; 0.000216041
0.368; 0; 0; 0; 0; 0; 0; -3.03425e-05; 0.0131913; 9.81005; 2.2176; 2.1852; 0.0477295; 3.54718e-05; 0.0113684; 0.0440275; 4.7838e-05; 0.0113684; 0.0407631; 7.23134e-05; 0.137904; 0.000217002
0.384; 0; 0; 0; 0; 0; 0; -3.10105e-05; 0.0168974; 9.81003; 2.2896; 2.322; 0.0499415; 6.06192e-05; 0.0113684; 0.0461153; 7.15748e-05; -0.0113684; 0.0424097; 7.4806e-05; 0.138019; 0.000215331
0.4; 0; 0; 0; 0; 0; 0; -3.13772e-05; 0.0205096; 9.81002; 2.43; 2.412; 0.0521567; 3.54348e-05; -0.0113684; 0.0484192; 4.53825e-05; 0.00631579; 0.0440249; 7.722e-05; 0.138189; 0.000216594
0.416; 0; 0; 0; 0; 0; 0; -3.14712e-05; 0.0239782; 9.81; 2.5092; 2.5272; 0.0543761; 4.94525e-05; 0.00631579; 0.0503632; 5.76603e-05; -0.00631579; 0.0456095; 7.96027e-05; 0.138411; 0.00021494
0.432; 0; 0; 0; 0; 0; 0; -3.13153e-05; 0.0272553; 9.80999; 2.6136; 2.5956; 0.0566005; 3.54034e-05; -0.00631579; 0.0520911; 4.67467e-05; 0.00631579; 0.0471647; 8.19083e-05; 0.138683; 0.000216883
0.448; 0; 0; 0; 0; 0; 0; -3.09287e-05; 0.030295; 9.80997; 2.7072; 2.7144; 0.0588307; 4.94888e-05; 0.00631579; 0.0542151; 6.01614e-05; -0.00252632; 0.0486914; 8.41948e-05; 0.139; 0.000215952
0.464; 0; 0; 0; 0; 0; 0; -3.03284e-05; 0.0330546; 9.80996; 2.8116; 2.826; 0.0610673; 4.38383e-05; -0.00252632; 0.0563751; 5.47045e-05; -0.00505263; 0.0501908; 8.64171e-05; 0.139358; 0.000213888
0.48; 0; 0; 0; 0; 0; 0; -2.95299e-05; 0.035495; 9.80994; 2.9124; 2.9124; 0.0633111; 3.25015e-05; -0.00505263; 0.0582471; 4.5246e-05; -1.38778e-17; 0.0516638; 8.85584e-05; 0.139752; 0.000213863
0.496; 0; 0; 0; 0; 0; 0; -2.39633e-05; 0.03532; 9.80996; 2.9772; 3.0096; 0.0655619; 3.25015e-05; -1.38778e-17; 0.0598671; 4.5246e-05; -0.0113684; 0.0531112; 9.06523e-05; 0.14014; 0.000208834
0.512; 0; 0; 0; 0; 0; 0; -2.62762e-05; 0.0348042; 9.80985; 3.132; 3.1068; 0.0678194; 6.83545e-06; -0.0113684; 0.0623869; 1.65982e-05; 0.00884211; 0.0545335; 9.26208e-05; 0.140516; 0.000212627
0.528; 0; 0; 0; 0; 0; 0; -2.38904e-05; 0.033935; 9.80994; 3.222; 3.2256; 0.0700837; 2.68572e-05; 0.00884211; 0.0644748; 3.50603e-05; -0.00126316; 0.0559308; 9.46052e-05; 0.140874; 0.000212072
0.544; 0; 0; 0; 0; 0; 0; -2.28605e-05; 0.0327384; 9.80995; 3.3228; 3.2976; 0.0723545; 2.39889e-05; -0.00126316; 0.0662028; 3.28776e-05; 0.00884211; 0.0573032; 9.65369e-05; 0.14121; 0.00021557
0.56; 0; 0; 0; 0; 0; 0; -2.16307e-05; 0.0312277; 9.80995; 3.4092; 3.4092; 0.0746312; 4.41201e-05; 0.00884211; 0.0681827; 5.03847e-05; -2.25514e-17; 0.0586509; 9.84811e-05; 0.141518; 0.000215541
0.576; 0; 0; 0; 0; 0; 0; -2.02355e-05; 0.0294238; 9.80996; 3.5208; 3.5316; 0.0769135; 4.41201e-05; -2.25514e-17; 0.0705227; 5.03847e-05; -0.00378947; 0.0599739; 0.000100382; 0.141793; 0.000214201
0.592; 0; 0; 0; 0; 0; 0; -1.87056e-05; 0.0273515; 9.80996; 3.6072; 3.6072; 0.0792008; 3.54524e-05; -0.00378947; 0.0721427; 4.42458e-05; -1.9082e-17; 0.0612723; 0.000102221; 0.142031; 0.000214171
0.608; 0; 0; 0; 0; 0; 0; -1.70704e-05; 0.025039; 9.80997; 3.7224; 3.7404; 0.0814925; 3.54524e-05; -1.9082e-17; 0.0746267; 4.42458e-05; -0.00631579; 0.0625458; 0.000104019; 0.142229; 0.000212398
0.624; 0; 0; 0; 0; 0; 0; -1.5358e-05; 0.0225177; 9.80998; 3.8304; 3.816; 0.0837879; 2.09547e-05; -0.00631579; 0.0764627; 3.26501e-05; 0.00505263; 0.0637945; 0.00010575; 0.142382; 0.000213555
0.64; 0; 0; 0; 0; 0; 0; -1.35956e-05; 0.0198217; 9.80999; 3.9096; 3.9204; 0.0860865; 3.25684e-05; 0.00505263; 0.0782987; 4.19267e-05; -0.00378947; 0.0650181; 0.000107462; 0.142488; 0.000212794
0.656; 0; 0; 0; 0; 0; 0; -1.18094e-05; 0.0169873; 9.80999; 4.0248; 4.0212; 0.0883873; 2.38492e-05; -0.00378947; 0.0804586; 3.37414e-05; 0.00126316; 0.0662166; 0.000109124; 0.142544; 0.000212946
0.672; 0; 0; 0; 0; 0; 0; -1.00246e-05; 0.0140526; 9.81; 4.1148; 4.1256; 0.0906898; 2.67576e-05; 0.00126316; 0.0824026; 3.6197e-05; -0.00378947; 0.0673896; 0.000110754; 0.142549; 0.000212533
0.688; 0; 0; 0; 0; 0; 0; -8.26521e-06; 0.0110568; 9.81; 4.2156; 4.2408; 0.0929932; 1.80293e-05; -0.00378947; 0.0845626; 2.80117e-05; -0.00884211; 0.0685371; 0.000112342; 0.142503; 0.000212039
0.704; 0; 0; 0; 0; 0; 0; -6.55431e-06; 0.0080397; 9.81; 4.32; 4.32; 0.0952965; -2.33731e-06; -0.00884211; 0.0863986; 1.17779e-05; -1.56125e-17; 0.0696587; 0.00011389; 0.142403; 0.000212004
0.72; 0; 0; 0; 0; 0; 0; -4.91362e-06; 0.00504122; 9.81001; 4.4208; 4.4244; 0.0975991; -2.33731e-06; -1.56125e-17; 0.0884506; 1.17779e-05; -0.00126316; 0.0707543; 0.000115404; 0.142252; 0.000212024
0.736; 0; 0; 0; 0; 0; 0; -3.36373e-06; 0.00210177; 9.81001; 4.5144; 4.5; 0.0999004; -5.24411e-06; -0.00126316; 0.0901426; 9.64059e-06; 0.00505263; 0.0718236; 0.000116887; 0.142049; 0.000211525
0.752; 0; 0; 0; 0; 0; 0; -1.90311e-06; -0.000742256; 9.81001; 4.6224; 4.6224; 0.102199; 6.37199e-06; 0.00505263; 0.0924465; 2.12818e-05; -1.12757e-17; 0.0728665; 0.000118332; 0.141797; 0.000211488
0.768; 0; 0; 0; 0; 0; 0; 3.36492e-06; -0.0034618; 9.81; 4.7412; 4.7232; 0.104496; 6.37199e-06; -1.12757e-17; 0.0946425; 2.12818e-05; 0.00631579; 0.0738828; 0.000119746; 0.141497; 0.000210311
0.784; 0; 0; 0; 0; 0; 0; 8.88792e-06; -0.00601015; 9.81; 4.8276; 4.8204; 0.106788; 2.08515e-05; 0.00631579; 0.0964785; 3.28775e-05; 0.00252632; 0.0748725; 0.000121114; 0.141151; 0.000209713
0.8; 0; 0; 0; 0; 0; 0; 1.44428e-05; -0.00834943; 9.81; 4.9068; 4.9068; 0.109077; 2.66329e-05; 0.00252632; 0.0981345; 3.70611e-05; -1.56125e-17; 0.0758354; 0.000122445; 0.140764; 0.000209674
0.816; 0; 0; 0; 0; 0; 0; 1.99455e-05; -0.0104387; 9.80999; 5.04; 5.0256; 0.11136; 2.66329e-05; -1.56125e-17; 0.100654; 3.70611e-05; 0.00505263; 0.0767715; 0.000123749; 0.14034; 0.000208159
0.832; 0; 0; 0; 0; 0; 0; 2.53298e-05; -0.0122279; 9.80999; 5.13; 5.1264; 0.113639; 3.81461e-05; 0.00505263; 0.102562; 4.67015e-05; 0.00126316; 0.0776809; 0.000125003; 0.139882; 0.000207714
0.848; 0; 0; 0; 0; 0; 0; 2.99926e-05; -0.0137097; 9.80999; 5.22; 5.2344; 0.115912; 4.10175e-05; 0.00126316; 0.104542; 4.92025e-05; -0.00505263; 0.0785637; 0.000126227; 0.139396; 0.000209413
0.864; 0; 0; 0; 0; 0; 0; 3.10624e-05; -0.0148407; 9.80998; 5.3388; 5.3208; 0.118179; 2.95614e-05; -0.00505263; 0.106594; 3.88346e-05; 0.00631579; 0.0794202; 0.000127453; 0.138888; 0.000207083
0.88; 0; 0; 0; 0; 0; 0; 3.16523e-05; -0.0155978; 9.80998; 5.436; 5.4216; 0.120441; 4.38436e-05; 0.00631579; 0.108574; 5.13397e-05; 0.00505263; 0.0802505; 0.00012862; 0.138364; 0.000205149
0.896; 0; 0; 0; 0; 0; 0; 3.19585e-05; -0.0159686; 9.80998; 5.5332; 5.5368; 0.122696; 5.52386e-05; 0.00505263; 0.110698; 6.20715e-05; -0.00126316; 0.081055; 0.000129735; 0.137829; 0.000205588
0.912; 0; 0; 0; 0; 0; 0; 3.20057e-05; -0.0159439; 9.80998; 5.6268; 5.6268; 0.124945; 5.23975e-05; -0.00126316; 0.112534; 5.97523e-05; -1.51788e-17; 0.0818343; 0.000130837; 0.13729; 0.000205545
0.928; 0; 0; 0; 0; 0; 0; 3.18137e-05; -0.0155207; 9.80998; 5.7132; 5.7348; 0.127188; 5.23975e-05; -1.51788e-17; 0.114478; 5.97523e-05; -0.00757895; 0.0825888; 0.000131917; 0.136754; 0.000208332
0.944; 0; 0; 0; 0; 0; 0; 3.13996e-05; -0.0147021; 9.80998; 5.832; 5.8248; 0.129426; 3.54401e-05; -0.00757895; 0.116566; 4.39276e-05; 0.00252632; 0.0833192; 0.000133023; 0.136227; 0.000207379
0.96; 0; 0; 0; 0; 0; 0; 3.07789e-05; -0.0134981; 9.80998; 5.922; 5.94; 0.131658; 4.10789e-05; 0.00252632; 0.118618; 4.91116e-05; -0.00631579; 0.0840262; 0.000134094; 0.135714; 0.000209489
0.976; 0; 0; 0; 0; 0; 0; 2.99663e-05; -0.0119245; 9.80999; 6.048; 6.0444; 0.133885; 2.7014e-05; -0.00631579; 0.120922; 3.45602e-05; 0.00126316; 0.0847106; 0.00013518; 0.135223; 0.000209046
0.992; 0; 0; 0; 0; 0; 0; 2.89764e-05; -0.0100033; 9.80999; 6.1164; 6.1308; 0.136107; 2.98212e-05; 0.00126316; 0.12247; 3.65155e-05; -0.00505263; 0.0853732; 0.000136241; 0.134758; 0.000210442
1.008; 0.12342; -1.8232e-06; -3.14159; -2.77658; -3.19624e-05; 1.8232e-06; 2.78244e-05; -0.00776234; 9.81; 6.2172; 6.2172; 0.138327; 1.86024e-05; -0.00505263; 0.124342; 2.7057e-05; -1.04083e-17; 0.0887548; 0.000135002; 0.134783; 0.000210353
1.024; 0.12342; -1.8232e-06; -3.14159; -2.77658; -3.19624e-05; 1.8232e-06; 2.65258e-05; -0.00523444; 9.81; 6.318; 6.3324; 0.140547; 1.86024e-05; -1.04083e-17; 0.126502; 2.7057e-05; -0.00505263; 0.0919962; 0.000133907; 0.134833; 0.00021069
1.04; 0.12342; -1.8232e-06; -3.14159; -2.77658; -3.19624e-05; 1.8232e-06; 2.50966e-05; -0.00245739; 9.81; 6.426; 6.4116; 0.142765; 7.39353e-06; -0.00505263; 0.128374; 1.75986e-05; 0.00505263; 0.0951094; 0.000132949; 0.134913; 0.000210408
1.056; 0.12342; -1.8232e-06; -3.14159; -2.77658; -3.19624e-05; 1.8232e-06; 2.35539e-05; 0.000526882; 9.81001; 6.5304; 6.5376; 0.144983; 1.86031e-05; 0.00505263; 0.130678; 2.92398e-05; -0.00252632; 0.0981049; 0.000132107; 0.135027; 0.000210305
1.072; 0.12342; -1.8232e-06; -3.14159; -2.77658; -3.19624e-05; 1.8232e-06; 2.1915e-05; 0.00367285; 9.81001; 6.6384; 6.6276; 0.147203; 1.29959e-05; -0.00252632; 0.132658; 2.42377e-05; 0.00378947; 0.100992; 0.000131372; 0.13518; 0.000210448
1.088; 0.12342; -1.8232e-06; -3.14159; -2.77658; -3.19624e-05; 1.8232e-06; 2.01979e-05; 0.00693212; 9.81001; 6.732; 6.7428; 0.149424; 2.14134e-05; 0.00378947; 0.134746; 3.21501e-05; -0.00378947; 0.103779; 0.000130738; 0.135372; 0.000209951
1.104; 0.12342; -1.8232e-06; -3.14159; -2.77658; -3.19624e-05; 1.8232e-06; 1.8421e-05; 0.0102542; 9.81; 6.8328; 6.8184; 0.151648; 1.2986e-05; -0.00378947; 0.13651; 2.54655e-05; 0.00505263; 0.106474; 0.000130188; 0.135606; 0.000210704
1.12; 0.12342; -1.8232e-06; -3.14159; -2.77658; -3.19624e-05; 1.8232e-06; 1.66032e-05; 0.0135871; 9.81; 6.9192; 6.9228; 0.153876; 2.42401e-05; 0.00505263; 0.138418; 3.51058e-05; -0.00126316; 0.109084; 0.000129732; 0.135882; 0.000210355
1.136; 0.12342; -1.8232e-06; -3.14159; -2.77658; -3.19624e-05; 1.8232e-06; 1.47631e-05; 0.0168786; 9.80999; 7.0416; 7.0344; 0.156107; 2.14211e-05; -0.00126316; 0.140758; 3.215e-05; 0.00252632; 0.111614; 0.000129348; 0.136201; 0.000210965
1.152; 0.12342; -1.8232e-06; -3.14159; -2.77658; -3.19624e-05; 1.8232e-06; 1.29197e-05; 0.0200763; 9.80999; 7.1352; 7.1352; 0.158344; 2.70721e-05; 0.00252632; 0.142702; 3.70612e-05; 5.20417e-18; 0.114071; 0.000129043; 0.13656; 0.000210894
1.168; 0.12342; -1.8232e-06; -3.14159; -2.77658; -3.19624e-05; 1.8232e-06; 1.10919e-05; 0.0231291; 9.80998; 7.2396; 7.236; 0.160587; 2.70721e-05; 5.20417e-18; 0.144754; 3.70612e-05; 0.00126316; 0.11646; 0.000128801; 0.136959; 0.000211291
1.184; 0.12342; -1.8232e-06; -3.14159; -2.77658; -3.19624e-05; 1.8232e-06; 9.29814e-06; 0.0259877; 9.80997; 7.3404; 7.3368; 0.162836; 2.99134e-05; 0.00126316; 0.14677; 3.96077e-05; 0.00126316; 0.118785; 0.000128624; 0.137394; 0.000211748
1.2; 0.12342; -1.8232e-06; -3.14159; -2.77658; -3.19624e-05; 1.8232e-06; 7.5566e-06; 0.0286054; 9.80996; 7.4304; 7.416; 0.165093; 3.27641e-05; 0.00126316; 0.148462; 4.1745e-05; 0.00505263; 0.121051; 0.00012851; 0.137861; 0.000213993
1.216; 0.12342; -1.8232e-06; -3.14159; -2.77658; -3.19624e-05; 1.8232e-06; 5.88494e-06; 0.0309388; 9.80995; 7.5276; 7.5312; 0.167358; 4.42065e-05; 0.00505263; 0.150586; 5.24767e-05; -0.00126316; 0.123261; 0.00012848; 0.138357; 0.0002133
1.232; 0.12342; -1.8232e-06; -3.14159; -2.77658; -3.19624e-05; 1.8232e-06; 4.30013e-06; 0.0329485; 9.80994; 7.6356; 7.6248; 0.169631; 4.13352e-05; -0.00126316; 0.152602; 4.99302e-05; 0.00378947; 0.12542; 0.000128485; 0.138876; 0.000215232
1.248; 0.12342; -1.8232e-06; -3.14159; -2.77658; -3.19624e-05; 1.8232e-06; 2.75236e-06; 0.0346016; 9.80993; 7.7436; 7.7328; 0.171913; 4.99826e-05; 0.00378947; 0.154762; 5.81154e-05; 0.00378947; 0.127529; 0.000128562; 0.139412; 0.000217265
1.264; 0.12342; -1.8232e-06; -3.14159; -2.77658; -3.19624e-05; 1.8232e-06; 7.25032e-07; 0.0345964; 9.80994; 7.8444; 7.8336; 0.174203; 5.86636e-05; 0.00378947; 0.156778; 6.5755e-05; 0.00378947; 0.129592; 0.00012871; 0.139941; 0.000219298
1.28; 0.12342; -1.8232e-06; -3.14159; -2.77658; -3.19624e-05; 1.8232e-06; -6.64942e-06; 0.0342032; 9.80988; 7.9488; 7.938; 0.176503; 6.73777e-05; 0.00378947; 0.158866; 7.36674e-05; 0.00378947; 0.131611; 0.000128924; 0.140454; 0.000221309
1.296; 0.12342; -1.8232e-06; -3.14159; -2.77658; -3.19624e-05; 1.8232e-06; -1.15591e-05; 0.0334187; 9.80994; 8.0532; 8.0424; 0.178811; 7.61243e-05; 0.00378947; 0.160954; 8.15798e-05; 0.00378947; 0.133588; 0.000129202; 0.140947; 0.000223272
1.312; 0.12342; -1.8232e-06; -3.14159; -2.77658; -3.19624e-05; 1.8232e-06; -1.72799e-05; 0.0322647; 9.80994; 8.1252; 8.1252; 0.181127; 8.49021e-05; 0.00378947; 0.162502; 8.74459e-05; 8.67362e-19; 0.135525; 0.000129538; 0.141413; 0.000223209
1.328; 0.12342; -1.8232e-06; -3.14159; -2.77658; -3.19624e-05; 1.8232e-06; -2.28642e-05; 0.0307655; 9.80995; 8.2116; 8.2476; 0.183451; 8.49021e-05; 8.67362e-19; 0.16459; 8.74459e-05; -0.0126316; 0.137422; 0.000129899; 0.141824; 0.000217225
1.344; 0.12342; -1.8232e-06; -3.14159; -2.77658; -3.19624e-05; 1.8232e-06; -2.81853e-05; 0.0289648; 9.80995; 8.334; 8.3304; 0.185782; 5.54637e-05; -0.0126316; 0.166642; 6.15266e-05; 0.00126316; 0.139282; 0.000130191; 0.142178; 0.000217694
1.36; 0.12342; -1.8232e-06; -3.14159; -2.77658; -3.19624e-05; 1.8232e-06; -3.02061e-05; 0.0268532; 9.80996; 8.4312; 8.442; 0.188118; 5.84151e-05; 0.00126316; 0.16873; 6.41641e-05; -0.00378947; 0.141104; 0.000130514; 0.142474; 0.000216233
1.376; 0.12342; -1.8232e-06; -3.14159; -2.77658; -3.19624e-05; 1.8232e-06; -3.09886e-05; 0.024506; 9.80997; 8.5392; 8.5428; 0.19046; 4.95417e-05; -0.00378947; 0.170818; 5.62517e-05; -0.00126316; 0.14289; 0.000130836; 0.142711; 0.000215771
1.392; 0.12342; -1.8232e-06; -3.14159; -2.77658; -3.19624e-05; 1.8232e-06; -3.14643e-05; 0.02195; 9.80998; 8.64; 8.64; 0.192806; 4.65785e-05; -0.00126316; 0.172798; 5.37506e-05; -4.55365e-18; 0.144639; 0.000131173; 0.142888; 0.000215711
1.408; 0.12342; -1.8232e-06; -3.14159; -2.77658; -3.19624e-05; 1.8232e-06; -3.16614e-05; 0.019227; 9.80999; 8.748; 8.7372; 0.195155; 4.65785e-05; -4.55365e-18; 0.17485; 5.37506e-05; 0.00378947; 0.146352; 0.000131528; 0.143006; 0.000216462
1.424; 0.12342; -1.8232e-06; -3.14159; -2.77658; -3.19624e-05; 1.8232e-06; -3.16018e-05; 0.0163809; 9.80999; 8.8524; 8.8308; 0.197507; 5.54908e-05; 0.00378947; 0.17683; 6.12538e-05; 0.00757895; 0.14803; 0.000131914; 0.143064; 0.000217631
1.44; 0.12342; -1.8232e-06; -3.14159; -2.77658; -3.19624e-05; 1.8232e-06; -3.13037e-05; 0.0134569; 9.81; 8.946; 8.928; 0.19986; 7.33289e-05; 0.00757895; 0.178738; 7.57142e-05; 0.00631579; 0.149673; 0.000132335; 0.143065; 0.000218275
1.456; 0.12342; -1.8232e-06; -3.14159; -2.77658; -3.19624e-05; 1.8232e-06; -3.07832e-05; 0.0105008; 9.81; 9.0504; 9.0396; 0.202215; 8.82003e-05; 0.00631579; 0.180898; 8.93563e-05; 0.00378947; 0.151281; 0.000132782; 0.143008; 0.00021845
1.472; 0.12342; -1.8232e-06; -3.14159; -2.77658; -3.19624e-05; 1.8232e-06; -3.00555e-05; 0.00755852; 9.81; 9.1548; 9.144; 0.20457; 9.7124e-05; 0.00378947; 0.182986; 9.72687e-05; 0.00378947; 0.152854; 0.000133246; 0.142897; 0.000218445
1.488; 0.12342; -1.8232e-06; -3.14159; -2.77658; -3.19624e-05; 1.8232e-06; -2.91355e-05; 0.00467501; 9.81001; 9.2484; 9.252; 0.206924; 0.000106046; 0.00378947; 0.185002; 0.000104908; -0.00126316; 0.154393; 0.000133723; 0.142734; 0.000218426
1.504; 0.12342; -1.8232e-06; -3.14159; -2.77658; -3.19624e-05; 1.8232e-06; -2.80387e-05; 0.0018939; 9.81001; 9.3492; 9.36; 0.209278; 0.000103073; -0.00126316; 0.18709; 0.000102271; -0.00378947; 0.155898; 0.000134211; 0.142521; 0.000218645
1.52; 0.12342; -1.8232e-06; -3.14159; -2.77658; -3.19624e-05; 1.8232e-06; -2.67811e-05; -0.000743259; 9.81001; 9.4356; 9.4464; 0.211629; 9.41627e-05; -0.00378947; 0.188818; 9.57226e-05; -0.00378947; 0.15737; 0.000134715; 0.142264; 0.000219011
1.536; 0.12342; -1.8232e-06; -3.14159; -2.77658; -3.19624e-05; 1.8232e-06; -2.53797e-05; -0.00319759; 9.81; 9.522; 9.5328; 0.213978; 8.5261e-05; -0.00378947; 0.190546; 8.91744e-05; -0.00378947; 0.158808; 0.000135235; 0.141964; 0.000219508
1.552; 0.12342; -1.8232e-06; -3.14159; -2.77658; -3.19624e-05; 1.8232e-06; -2.38525e-05; -0.00543346; 9.81; 9.6588; 9.6264; 0.216324; 7.637e-05; -0.00378947; 0.19285; 8.04434e-05; 0.0113684; 0.160212; 0.000135772; 0.141627; 0.000217437
1.568; 0.12342; -1.8232e-06; -3.14159; -2.77658; -3.19624e-05; 1.8232e-06; -2.22181e-05; -0.00741896; 9.81; 9.7632; 9.7452; 0.218667; 0.000103006; 0.0113684; 0.195081; 0.000105817; 0.00631579; 0.161584; 0.000136285; 0.141258; 0.000216097
1.584; 0.12342; -1.8232e-06; -3.14159; -2.77658; -3.19624e-05; 1.8232e-06; -2.0496e-05; -0.0091264; 9.81; 9.8388; 9.846; 0.221006; 0.000117781; 0.00631579; 0.196845; 0.000116958; -0.00252632; 0.162924; 0.000136786; 0.140861; 0.000216606
1.6; 0.12342; -1.8232e-06; -3.14159; -2.77658; -3.19624e-05; 1.8232e-06; -1.87065e-05; -0.0105327; 9.80999; 9.9468; 9.9612; 0.223342; 0.00011188; -0.00252632; 0.199077; 0.000111319; -0.00505263; 0.164232; 0.000137304; 0.140442; 0.000217763
1.616; 0.12342; -1.8232e-06; -3.14159; -2.77658; -3.19624e-05; 1.8232e-06; -1.68698e-05; -0.0116195; 9.80999; 10.0476; 10.0296; 0.225673; 0.0001001; -0.00505263; 0.200769; 0.00010277; 0.00631579; 0.165508; 0.000137848; 0.140005; 0.000216121
1.632; 0.12342; -1.8232e-06; -3.14159; -2.77658; -3.19624e-05; 1.8232e-06; -1.50067e-05; -0.0123739; 9.80999; 10.1412; 10.1556; 0.228001; 0.000114799; 0.00631579; 0.202965; 0.00011664; -0.00505263; 0.166753; 0.000138373; 0.139557; 0.000217361
1.648; 0.12342; -1.8232e-06; -3.14159; -2.77658; -3.19624e-05; 1.8232e-06; -1.31379e-05; -0.012788; 9.80999; 10.2564; 10.242; 0.230324; 0.00010306; -0.00505263; 0.204981; 0.000106454; 0.00505263; 0.167968; 0.000138924; 0.139102; 0.000216007
1.664; 0.12342; -1.8232e-06; -3.14159; -2.77658; -3.19624e-05; 1.8232e-06; -1.12837e-05; -0.0128595; 9.80999; 10.3608; 10.35; 0.232643; 0.000114779; 0.00505263; 0.207105; 0.000117185; 0.00378947; 0.169153; 0.00013946; 0.138647; 0.000214997
1.68; 0.12342; -1.8232e-06; -3.14159; -2.77658; -3.19624e-05; 1.8232e-06; -9.46401e-06; -0.0125913; 9.80999; 10.4508; 10.4616; 0.234959; 0.000123553; 0.00378947; 0.209121; 0.000124825; -0.00378947; 0.170309; 0.000139986; 0.138195; 0.000215857
1.696; 0.12342; -1.8232e-06; -3.14159; -2.77658; -3.19624e-05; 1.8232e-06; -7.69818e-06; -0.0119918; 9.80999; 10.548; 10.5552; 0.237271; 0.000114793; -0.00378947; 0.211029; 0.000117595; -0.00252632; 0.171438; 0.000140532; 0.137753; 0.000216374
1.712; 0.12342; -1.8232e-06; -3.14159; -2.77658; -3.19624e-05; 1.8232e-06; -6.00466e-06; -0.0110745; 9.80999; 10.656; 10.6452; 0.239579; 0.000108961; -0.00252632; 0.213009; 0.000112593; 0.00378947; 0.172539; 0.00014109; 0.137324; 0.000215532
1.728; 0.12342; -1.8232e-06; -3.14159; -2.77658; -3.19624e-05; 1.8232e-06; -4.40093e-06; -0.00985772; 9.80999; 10.7424; 10.7424; 0.241885; 0.000117698; 0.00378947; 0.214845; 0.00011955; -1.56125e-17; 0.173613; 0.000141641; 0.136913; 0.000215476
1.744; 0.12342; -1.8232e-06; -3.14159; -2.77658; -3.19624e-05; 1.8232e-06; -2.92984e-06; -0.00836222; 9.80999; 10.8576; 10.8468; 0.244188; 0.000117698; -1.56125e-17; 0.217041; 0.00011955; 0.00378947; 0.174662; 0.000142195; 0.136524; 0.000214827
1.76; 0.12342; -1.8232e-06; -3.14159; -2.77658; -3.19624e-05; 1.8232e-06; 1.28909e-07; -0.00662755; 9.81; 10.9512; 10.944; 0.246489; 0.000126417; 0.00378947; 0.218949; 0.00012678; 0.00252632; 0.175686; 0.000142743; 0.136159; 0.000214453
1.776; 0.12342; -1.8232e-06; -3.14159; -2.77658; -3.19624e-05; 1.8232e-06; 5.57345e-06; -0.0046747; 9.81; 11.0448; 11.052; 0.248788; 0.000132227; 0.00252632; 0.220965; 0.000131873; -0.00252632; 0.176687; 0.000143289; 0.135823; 0.000214632
1.792; 0.12342; -1.8232e-06; -3.14159; -2.77658; -3.19624e-05; 1.8232e-06; 1.11025e-05; -0.00253446; 9.81; 11.1348; 11.1564; 0.251087; 0.00012642; -0.00252632; 0.222909; 0.000126962; -0.00757895; 0.177664; 0.000143842; 0.135516; 0.000215013
1.808; 0.12342; -1.8232e-06; -3.14159; -2.77658; -3.19624e-05; 1.8232e-06; 1.6628e-05; -0.000234499; 9.81; 11.2392; 11.2572; 0.253385; 0.000109001; -0.00757895; 0.224961; 0.00011141; -0.00631579; 0.178621; 0.000144404; 0.135241; 0.000215085
1.824; 0.12342; -1.8232e-06; -3.14159; -2.77658; -3.19624e-05; 1.8232e-06; 2.20706e-05; 0.00219879; 9.81; 11.3472; 11.3472; 0.255684; 9.44838e-05; -0.00631579; 0.226941; 9.89053e-05; -1.73472e-17; 0.179556; 0.000144971; 0.135; 0.00021503
1.84; 0.12342; -1.8232e-06; -3.14159; -2.77658; -3.19624e-05; 1.8232e-06; 2.7365e-05; 0.00475166; 9.81; 11.4624; 11.4516; 0.257983; 9.44838e-05; -1.73472e-17; 0.229137; 9.89053e-05; 0.00378947; 0.180472; 0.00014554; 0.134793; 0.000215195
1.856; 0.12342; -1.8232e-06; -3.14159; -2.77658; -3.19624e-05; 1.8232e-06; 3.04486e-05; 0.0073513; 9.81; 11.5884; 11.5704; 0.260284; 0.000103204; 0.00378947; 0.231585; 0.000108182; 0.00631579; 0.181369; 0.000146114; 0.134621; 0.000215757
1.872; 0.12342; -1.8232e-06; -3.14159; -2.77658; -3.19624e-05; 1.8232e-06; 3.12217e-05; 0.0100025; 9.81; 11.6604; 11.6568; 0.262587; 0.000117751; 0.00631579; 0.233169; 0.000118186; 0.00126316; 0.182248; 0.0001467; 0.134483; 0.000215876
1.888; 0.12342; -1.8232e-06; -3.14159; -2.77658; -3.19624e-05; 1.8232e-06; 3.16972e-05; 0.0126584; 9.81; 11.7756; 11.7576; 0.264894; 0.000120664; 0.00126316; 0.235329; 0.000120914; 0.00631579; 0.18311; 0.000147289; 0.13438; 0.000216938
1.904; 0.12342; -1.8232e-06; -3.14159; -2.77658; -3.19624e-05; 1.8232e-06; 3.19041e-05; 0.0152836; 9.80999; 11.88; 11.8548; 0.267203; 0.00013525; 0.00631579; 0.237345; 0.000133647; 0.00884211; 0.183956; 0.000147896; 0.13431; 0.000218785
1.92; 0.12342; -1.8232e-06; -3.14159; -2.77658; -3.19624e-05; 1.8232e-06; 3.18644e-05; 0.0178432; 9.80999; 11.97; 11.9736; 0.269517; 0.000155707; 0.00884211; 0.239433; 0.000152109; -0.00126316; 0.184787; 0.000148534; 0.134272; 0.000218412
1.936; 0.12342; -1.8232e-06; -3.14159; -2.77658; -3.19624e-05; 1.8232e-06; 3.15961e-05; 0.0203023; 9.80998; 12.06; 12.0672; 0.271835; 0.000152779; -0.00126316; 0.241269; 0.00014979; -0.00252632; 0.185604; 0.000149167; 0.134263; 0.000217635
1.952; 0.12342; -1.8232e-06; -3.14159; -2.77658; -3.19624e-05; 1.8232e-06; 3.11142e-05; 0.0226274; 9.80998; 12.1644; 12.1608; 0.274158; 0.000146909; -0.00252632; 0.243249; 0.000144788; 0.00126316; 0.186407; 0.000149788; 0.134281; 0.000217981
1.968; 0.12342; -1.8232e-06; -3.14159; -2.77658; -3.19624e-05; 1.8232e-06; 3.04327e-05; 0.0247861; 9.80997; 12.2544; 12.2508; 0.276487; 0.000149851; 0.00126316; 0.245049; 0.000147062; 0.00126316; 0.187198; 0.000150415; 0.134324; 0.000218364
1.984; 0.12342; -1.8232e-06; -3.14159; -2.77658; -3.19624e-05; 1.8232e-06; 2.9565e-05; 0.0267482; 9.80996; 12.3588; 12.3588; 0.278822; 0.0001528; 0.00126316; 0.247173; 0.000149744; -3.6646e-17; 0.187976; 0.000151048; 0.134387; 0.000218309
2; 0.12342; -1.8232e-06; -3.14159; -2.77658; -3.19624e-05; 1.8232e-06; 2.85245e-05; 0.0284858; 9.80996; 12.4488; 12.4632; 0.281163; 0.0001528; -3.6646e-17; 0.249117; 0.000149744; -0.00505263; 0.188742; 0.000151681; 0.134466; 0.000216267
2.016; 0.250025; -3.6796e-06; -1.46629e-05; -2.64998; -3.19368e-05; 3.6796e-06; 2.73252e-05; 0.0299735; 9.80995; 12.5676; 12.5532; 0.28351; 0.000140939; -0.00505263; 0.251205; 0.000139195; 0.00505263; 0.1933; 0.000149436; 0.135426; 0.000218232
2.032; 0.250025; -3.6796e-06; -1.46629e-05; -2.64998; -3.19368e-05; 3.6796e-06; 2.59817e-05; 0.0311895; 9.80995; 12.6396; 12.6648; 0.285865; 0.000152834; 0.00505263; 0.253041; 0.000148471; -0.00884211; 0.197623; 0.000147462; 0.136343; 0.000214383
2.048; 0.250025; -3.6796e-06; -1.46629e-05; -2.64998; -3.19368e-05; 3.6796e-06; 2.45096e-05; 0.0321152; 9.80994; 12.7728; 12.7548; 0.288226; 0.000131956; -0.00884211; 0.255273; 0.000128736; 0.00631579; 0.201734; 0.000145642; 0.13722; 0.000217009
2.064; 0.250025; -3.6796e-06; -1.46629e-05; -2.64998; -3.19368e-05; 3.6796e-06; 2.29252e-05; 0.0327359; 9.80994; 12.8556; 12.8412; 0.290594; 0.000146913; 0.00631579; 0.256965; 0.000139422; 0.00505263; 0.205655; 0.000144057; 0.138055; 0.00021911
2.08; 0.250025; -3.6796e-06; -1.46629e-05; -2.64998; -3.19368e-05; 3.6796e-06; 2.12459e-05; 0.0330408; 9.80994; 12.9636; 12.9672; 0.292969; 0.000158914; 0.00505263; 0.259305; 0.000151245; -0.00126316; 0.209404; 0.000142679; 0.138848; 0.000218469
2.096; 0.250025; -3.6796e-06; -1.46629e-05; -2.64998; -3.19368e-05; 3.6796e-06; 1.94899e-05; 0.0330235; 9.80994; 13.0716; 13.0716; 0.295351; 0.000155905; -0.00126316; 0.261429; 0.000148562; -2.5804e-17; 0.212995; 0.000141447; 0.139596; 0.000218378
2.112; 0.250025; -3.6796e-06; -1.46629e-05; -2.64998; -3.19368e-05; 3.6796e-06; 1.76759e-05; 0.0326817; 9.80994; 13.1508; 13.176; 0.29774; 0.000155905; -2.5804e-17; 0.263265; 0.000148562; -0.00884211; 0.216443; 0.000140355; 0.140298; 0.000214618
2.128; 0.250025; -3.6796e-06; -1.46629e-05; -2.64998; -3.19368e-05; 3.6796e-06; 1.58232e-05; 0.0320177; 9.80994; 13.2552; 13.266; 0.300135; 0.000134728; -0.00884211; 0.265209; 0.000131373; -0.00378947; 0.219758; 0.000139334; 0.140951; 0.00021302
2.144; 0.250025; -3.6796e-06; -1.46629e-05; -2.64998; -3.19368e-05; 3.6796e-06; 1.39517e-05; 0.031038; 9.80995; 13.3596; 13.3632; 0.302536; 0.000125629; -0.00378947; 0.267225; 0.000123734; -0.00126316; 0.222951; 0.000138408; 0.141554; 0.00021246
2.16; 0.250025; -3.6796e-06; -1.46629e-05; -2.64998; -3.19368e-05; 3.6796e-06; 1.20813e-05; 0.0297534; 9.80995; 13.4568; 13.4604; 0.304942; 0.000122589; -0.00126316; 0.269169; 0.000121278; -0.00126316; 0.226031; 0.000137582; 0.142102; 0.000211934
2.176; 0.250025; -3.6796e-06; -1.46629e-05; -2.64998; -3.19368e-05; 3.6796e-06; 1.0232e-05; 0.0281791; 9.80996; 13.5756; 13.5648; 0.307354; 0.000119543; -0.00126316; 0.271401; 0.000118459; 0.00378947; 0.229006; 0.000136849; 0.142595; 0.000213079
2.192; 0.250025; -3.6796e-06; -1.46629e-05; -2.64998; -3.19368e-05; 3.6796e-06; 8.42373e-06; 0.026334; 9.80996; 13.6728; 13.6656; 0.309771; 0.0001287; 0.00378947; 0.273381; 0.000125962; 0.00252632; 0.231882; 0.000136227; 0.143029; 0.000213733
2.208; 0.250025; -3.6796e-06; -1.46629e-05; -2.64998; -3.19368e-05; 3.6796e-06; 6.67587e-06; 0.024241; 9.80997; 13.7736; 13.77; 0.312191; 0.000134815; 0.00252632; 0.275433; 0.000131146; 0.00126316; 0.234665; 0.000135699; 0.143402; 0.000213977
2.224; 0.250025; -3.6796e-06; -1.46629e-05; -2.64998; -3.19368e-05; 3.6796e-06; 5.00734e-06; 0.0219263; 9.80998; 13.8564; 13.8816; 0.314615; 0.000137877; 0.00126316; 0.277377; 0.000133602; -0.00884211; 0.237361; 0.000135252; 0.143714; 0.000212021
2.24; 0.250025; -3.6796e-06; -1.46629e-05; -2.64998; -3.19368e-05; 3.6796e-06; 3.43235e-06; 0.0194223; 9.80998; 13.968; 13.9752; 0.317042; 0.00011642; -0.00884211; 0.279429; 0.000115458; -0.00252632; 0.239974; 0.000134846; 0.143962; 0.000211517
2.256; 0.250025; -3.6796e-06; -1.46629e-05; -2.64998; -3.19368e-05; 3.6796e-06; 1.59464e-06; 0.0167493; 9.80999; 14.0688; 14.058; 0.319471; 0.000110284; -0.00252632; 0.281265; 0.00011082; 0.00378947; 0.242509; 0.000134499; 0.144146; 0.000211924
2.272; 0.250025; -3.6796e-06; -1.46629e-05; -2.64998; -3.19368e-05; 3.6796e-06; -3.84562e-06; 0.0139486; 9.80999; 14.1768; 14.1624; 0.321901; 0.000119493; 0.00378947; 0.283389; 0.000118868; 0.00505263; 0.244969; 0.00013422; 0.144265; 0.00021226
2.288; 0.250025; -3.6796e-06; -1.46629e-05; -2.64998; -3.19368e-05; 3.6796e-06; -9.39875e-06; 0.0110591; 9.81; 14.238; 14.2632; 0.324331; 0.000131774; 0.00505263; 0.285009; 0.000127054; -0.00884211; 0.247357; 0.000134003; 0.144318; 0.000211893
2.304; 0.250025; -3.6796e-06; -1.46629e-05; -2.64998; -3.19368e-05; 3.6796e-06; -1.49721e-05; 0.00812646; 9.81; 14.3856; 14.382; 0.326762; 0.000110284; -0.00884211; 0.287672; 0.000103499; 0.00126316; 0.249676; 0.000133833; 0.144308; 0.000211809
2.32; 0.250025; -3.6796e-06; -1.46629e-05; -2.64998; -3.19368e-05; 3.6796e-06; -2.04828e-05; 0.0052008; 9.81001; 14.472; 14.4756; 0.329191; 0.000113353; 0.00126316; 0.289472; 0.000105772; -0.00126316; 0.25193; 0.000133711; 0.144235; 0.000211816
2.336; 0.250025; -3.6796e-06; -1.46629e-05; -2.64998; -3.19368e-05; 3.6796e-06; -2.58593e-05; 0.0023483; 9.81001; 14.58; 14.5476; 0.331619; 0.000110287; -0.00126316; 0.291272; 0.000103499; 0.0113684; 0.254119; 0.000133635; 0.144101; 0.000210573
2.352; 0.250025; -3.6796e-06; -1.46629e-05; -2.64998; -3.19368e-05; 3.6796e-06; -3.01902e-05; -0.000422596; 9.81001; 14.6556; 14.67; 0.334044; 0.000137859; 0.0113684; 0.293252; 0.000126008; -0.00505263; 0.256247; 0.000133581; 0.143909; 0.000211246
2.368; 0.250025; -3.6796e-06; -1.46629e-05; -2.64998; -3.19368e-05; 3.6796e-06; -3.107e-05; -0.00302858; 9.81; 14.7564; 14.7852; 0.336466; 0.000125619; -0.00505263; 0.295412; 0.000115094; -0.0101053; 0.258315; 0.000133578; 0.143663; 0.000213058
2.384; 0.250025; -3.6796e-06; -1.46629e-05; -2.64998; -3.19368e-05; 3.6796e-06; -3.16368e-05; -0.00543832; 9.81; 14.8608; 14.8644; 0.338885; 0.000101176; -0.0101053; 0.297248; 9.6541e-05; -0.00126316; 0.260326; 0.00013364; 0.143367; 0.000213274
2.4; 0.250025; -3.6796e-06; -1.46629e-05; -2.64998; -3.19368e-05; 3.6796e-06; -3.19215e-05; -0.00761181; 9.81; 14.9688; 14.9904; 0.3413; 9.81259e-05; -0.00126316; 0.299588; 9.35852e-05; -0.00757895; 0.26228; 0.00013374; 0.143025; 0.000215132
2.416; 0.250025; -3.6796e-06; -1.46629e-05; -2.64998; -3.19368e-05; 3.6796e-06; -3.19474e-05; -0.00951305; 9.81; 15.0588; 15.084; 0.34371; 7.98582e-05; -0.00757895; 0.301424; 7.96704e-05; -0.00884211; 0.26418; 0.000133899; 0.142642; 0.000217551
2.432; 0.250025; -3.6796e-06; -1.46629e-05; -2.64998; -3.19368e-05; 3.6796e-06; -3.17338e-05; -0.0111105; 9.80999; 15.1776; 15.1812; 0.346116; 5.85889e-05; -0.00884211; 0.303584; 6.05717e-05; -0.00126316; 0.266026; 0.000134125; 0.142225; 0.000217872
2.448; 0.250025; -3.6796e-06; -1.46629e-05; -2.64998; -3.19368e-05; 3.6796e-06; -3.12972e-05; -0.0123777; 9.80999; 15.264; 15.2784; 0.348516; 5.55568e-05; -0.00126316; 0.30542; 5.82525e-05; -0.00505263; 0.267822; 0.000134382; 0.141778; 0.000219425
2.464; 0.250025; -3.6796e-06; -1.46629e-05; -2.64998; -3.19368e-05; 3.6796e-06; -3.06528e-05; -0.0132935; 9.80999; 15.3684; 15.3576; 0.350911; 4.34553e-05; -0.00505263; 0.307256; 4.89759e-05; 0.00378947; 0.269568; 0.000134687; 0.141309; 0.000218111
2.48; 0.250025; -3.6796e-06; -1.46629e-05; -2.64998; -3.19368e-05; 3.6796e-06; -2.98153e-05; -0.0138426; 9.80998; 15.498; 15.4764; 0.353301; 5.25111e-05; 0.00378947; 0.30974; 5.83889e-05; 0.00757895; 0.271265; 0.000134993; 0.140822; 0.000215506
2.496; 0.250025; -3.6796e-06; -1.46629e-05; -2.64998; -3.19368e-05; 3.6796e-06; -2.87997e-05; -0.0140157; 9.80998; 15.5772; 15.5772; 0.355685; 7.05819e-05; 0.00757895; 0.31154; 7.20309e-05; -2.68882e-17; 0.272915; 0.00013528; 0.140326; 0.000215446
2.512; 0.250025; -3.6796e-06; -1.46629e-05; -2.64998; -3.19368e-05; 3.6796e-06; -2.76214e-05; -0.0138094; 9.80998; 15.6816; 15.6744; 0.358064; 7.05819e-05; -2.68882e-17; 0.313556; 7.20309e-05; 0.00252632; 0.27452; 0.000135585; 0.139826; 0.000214557
2.528; 0.250025; -3.6796e-06; -1.46629e-05; -2.64998; -3.19368e-05; 3.6796e-06; -2.62964e-05; -0.0132268; 9.80999; 15.7608; 15.768; 0.360438; 7.65795e-05; 0.00252632; 0.315284; 7.63964e-05; -0.00252632; 0.276081; 0.000135896; 0.139327; 0.000215295
2.544; 0.250025; -3.6796e-06; -1.46629e-05; -2.64998; -3.19368e-05; 3.6796e-06; -2.48417e-05; -0.0122767; 9.80999; 15.8616; 15.8832; 0.362808; 7.05939e-05; -0.00252632; 0.317444; 7.09396e-05; -0.00757895; 0.277599; 0.000136236; 0.138837; 0.000217488
2.56; 0.250025; -3.6796e-06; -1.46629e-05; -2.64998; -3.19368e-05; 3.6796e-06; -2.32747e-05; -0.0109742; 9.80999; 15.9768; 16.002; 0.365172; 5.26704e-05; -0.00757895; 0.319784; 5.3205e-05; -0.00884211; 0.279077; 0.000136628; 0.138361; 0.000219848
2.576; 0.250025; -3.6796e-06; -1.46629e-05; -2.64998; -3.19368e-05; 3.6796e-06; -2.16136e-05; -0.00934004; 9.80999; 16.0776; 16.056; 0.367533; 3.17943e-05; -0.00884211; 0.321332; 3.95176e-05; 0.00757895; 0.280515; 0.000137071; 0.137904; 0.000217934
2.592; 0.250025; -3.6796e-06; -1.46629e-05; -2.64998; -3.19368e-05; 3.6796e-06; -1.98773e-05; -0.00740018; 9.81; 16.182; 16.1532; 0.369891; 4.96624e-05; 0.00757895; 0.323348; 5.47966e-05; 0.0101053; 0.281915; 0.000137497; 0.137471; 0.000215736
2.608; 0.250025; -3.6796e-06; -1.46629e-05; -2.64998; -3.19368e-05; 3.6796e-06; -1.80849e-05; -0.00518571; 9.81; 16.3044; 16.2612; 0.372246; 7.34583e-05; 0.0101053; 0.325652; 7.80787e-05; 0.0151579; 0.283278; 0.000137902; 0.137066; 0.000213033
2.624; 0.250025; -3.6796e-06; -1.46629e-05; -2.64998; -3.19368e-05; 3.6796e-06; -1.62556e-05; -0.00273218; 9.81; 16.3584; 16.3872; 0.374598; 0.000109119; 0.0151579; 0.327451; 0.000105362; -0.0101053; 0.284607; 0.000138277; 0.136693; 0.000214329
2.64; 0.250025; -3.6796e-06; -1.46629e-05; -2.64998; -3.19368e-05; 3.6796e-06; -1.4409e-05; -7.90732e-05; 9.81; 16.4736; 16.47; 0.376949; 8.53592e-05; -0.0101053; 0.329431; 8.53538e-05; 0.00126316; 0.285903; 0.000138685; 0.136355; 0.000214157
2.656; 0.250025; -3.6796e-06; -1.46629e-05; -2.64998; -3.19368e-05; 3.6796e-06; -1.25642e-05; 0.00273082; 9.81; 16.596; 16.5852; 0.3793; 8.83283e-05; 0.00126316; 0.331807; 8.83551e-05; 0.00378947; 0.287166; 0.000139102; 0.136054; 0.000213929
2.672; 0.250025; -3.6796e-06; -1.46629e-05; -2.64998; -3.19368e-05; 3.6796e-06; -1.07403e-05; 0.00565203; 9.81; 16.6716; 16.6752; 0.38165; 9.72356e-05; 0.00378947; 0.333463; 9.46304e-05; -0.00126316; 0.2884; 0.000139526; 0.135792; 0.00021387
2.688; 0.250025; -3.6796e-06; -1.46629e-05; -2.64998; -3.19368e-05; 3.6796e-06; -8.95587e-06; 0.00863714; 9.81; 16.7796; 16.7904; 0.384002; 9.42655e-05; -0.00126316; 0.335695; 9.18111e-05; -0.00378947; 0.289604; 0.00013996; 0.13557; 0.000213628
2.704; 0.250025; -3.6796e-06; -1.46629e-05; -2.64998; -3.19368e-05; 3.6796e-06; -7.22906e-06; 0.0116375; 9.81; 16.884; 16.8912; 0.386354; 8.53495e-05; -0.00378947; 0.337747; 8.40351e-05; -0.00252632; 0.290781; 0.000140399; 0.135386; 0.000213329
2.72; 0.250025; -3.6796e-06; -1.46629e-05; -2.64998; -3.19368e-05; 3.6796e-06; -5.57721e-06; 0.0146041; 9.81; 16.9812; 16.9884; 0.388709; 7.93997e-05; -0.00252632; 0.339691; 7.91239e-05; -0.00252632; 0.291932; 0.000140843; 0.135242; 0.000212914
2.736; 0.250025; -3.6796e-06; -1.46629e-05; -2.64998; -3.19368e-05; 3.6796e-06; -4.01686e-06; 0.0174881; 9.80999; 17.0892; 17.082; 0.391068; 7.34423e-05; -0.00252632; 0.341707; 7.40309e-05; 0.00252632; 0.293058; 0.000141289; 0.135135; 0.000213329
2.752; 0.250025; -3.6796e-06; -1.46629e-05; -2.64998; -3.19368e-05; 3.6796e-06; -2.5286e-06; 0.0202436; 9.80998; 17.1864; 17.1828; 0.393429; 7.94089e-05; 0.00252632; 0.343687; 7.9033e-05; 0.00126316; 0.294161; 0.00014175; 0.135062; 0.000213562
2.768; 0.250025; -3.6796e-06; -1.46629e-05; -2.64998; -3.19368e-05; 3.6796e-06; 2.14346e-06; 0.0228114; 9.80998; 17.28; 17.2764; 0.395795; 8.23976e-05; 0.00126316; 0.345559; 8.13976e-05; 0.00126316; 0.295242; 0.000142222; 0.135022; 0.000213843
2.784; 0.250025; -3.6796e-06; -1.46629e-05; -2.64998; -3.19368e-05; 3.6796e-06; 7.6421e-06; 0.025162; 9.80997; 17.3844; 17.3808; 0.398166; 8.53924e-05; 0.00126316; 0.347647; 8.40351e-05; 0.00126316; 0.296301; 0.000142705; 0.135009; 0.000214169
2.8; 0.250025; -3.6796e-06; -1.46629e-05; -2.64998; -3.19368e-05; 3.6796e-06; 1.31909e-05; 0.0272595; 9.80996; 17.4924; 17.4672; 0.400542; 8.83939e-05; 0.00126316; 0.349591; 8.64907e-05; 0.00884211; 0.29734; 0.0001432; 0.135021; 0.000217055
2.816; 0.250025; -3.6796e-06; -1.46629e-05; -2.64998; -3.19368e-05; 3.6796e-06; 1.87056e-05; 0.0290781; 9.80995; 17.5968; 17.5932; 0.402924; 0.000109455; 0.00884211; 0.351895; 0.000106863; 0.00126316; 0.29836; 0.000143746; 0.135052; 0.000217452
2.832; 0.250025; -3.6796e-06; -1.46629e-05; -2.64998; -3.19368e-05; 3.6796e-06; 2.41078e-05; 0.0306016; 9.80995; 17.6904; 17.6868; 0.405312; 0.000112471; 0.00126316; 0.353767; 0.000109227; 0.00126316; 0.299361; 0.000144303; 0.135097; 0.000217876
2.848; 0.250025; -3.6796e-06; -1.46629e-05; -2.64998; -3.19368e-05; 3.6796e-06; 2.91688e-05; 0.0318221; 9.80994; 17.7732; 17.7588; 0.407707; 0.000115496; 0.00126316; 0.355315; 0.000111183; 0.00505263; 0.300344; 0.000144871; 0.135153; 0.00021982
2.864; 0.250025; -3.6796e-06; -1.46629e-05; -2.64998; -3.19368e-05; 3.6796e-06; 3.06769e-05; 0.0326942; 9.80994; 17.8524; 17.8812; 0.410107; 0.000127626; 0.00505263; 0.357331; 0.000121369; -0.0101053; 0.30131; 0.000145473; 0.135212; 0.000215661
2.88; 0.250025; -3.6796e-06; -1.46629e-05; -2.64998; -3.19368e-05; 3.6796e-06; 3.13379e-05; 0.0332436; 9.80994; 17.9856; 17.9964; 0.412515; 0.000103299; -0.0101053; 0.359815; 9.62676e-05; -0.00378947; 0.302259; 0.000146013; 0.135271; 0.000214047
2.896; 0.250025; -3.6796e-06; -1.46629e-05; -2.64998; -3.19368e-05; 3.6796e-06; 3.17142e-05; 0.0334552; 9.80994; 18.0864; 18.09; 0.414929; 9.41513e-05; -0.00378947; 0.361759; 8.89009e-05; -0.00126316; 0.303193; 0.000146531; 0.135324; 0.000213473
2.912; 0.250025; -3.6796e-06; -1.46629e-05; -2.64998; -3.19368e-05; 3.6796e-06; 3.18303e-05; 0.03333; 9.80994; 18.1872; 18.1872; 0.417349; 9.10939e-05; -0.00126316; 0.363739; 8.63999e-05; -2.47198e-17; 0.30411; 0.000147045; 0.135366; 0.000213418
2.928; 0.250025; -3.6796e-06; -1.46629e-05; -2.64998; -3.19368e-05; 3.6796e-06; 3.17054e-05; 0.0328732; 9.80994; 18.2844; 18.288; 0.419776; 9.10939e-05; -2.47198e-17; 0.365719; 8.63999e-05; -0.00126316; 0.305011; 0.000147561; 0.135391; 0.000212864
2.944; 0.250025; -3.6796e-06; -1.46629e-05; -2.64998; -3.19368e-05; 3.6796e-06; 3.13552e-05; 0.0320947; 9.80994; 18.3852; 18.4032; 0.422209; 8.80207e-05; -0.00126316; 0.367879; 8.36714e-05; -0.00631579; 0.305896; 0.000148073; 0.135396; 0.000210412
2.96; 0.250025; -3.6796e-06; -1.46629e-05; -2.64998; -3.19368e-05; 3.6796e-06; 3.07936e-05; 0.0310085; 9.80995; 18.4896; 18.4824; 0.424648; 7.26189e-05; -0.00631579; 0.369715; 7.20757e-05; 0.00252632; 0.306766; 0.00014855; 0.135374; 0.000211265
2.976; 0.250025; -3.6796e-06; -1.46629e-05; -2.64998; -3.19368e-05; 3.6796e-06; 3.00338e-05; 0.0296326; 9.80995; 18.5724; 18.5904; 0.427091; 7.87932e-05; 0.00252632; 0.371623; 7.68959e-05; -0.00631579; 0.307621; 0.000149044; 0.135323; 0.000209097
2.992; 0.250025; -3.6796e-06; -1.46629e-05; -2.64998; -3.19368e-05; 3.6796e-06; 2.90889e-05; 0.0279889; 9.80996; 18.6876; 18.6948; 0.42954; 6.33266e-05; -0.00631579; 0.373819; 6.30265e-05; -0.00252632; 0.308459; 0.000149507; 0.135237; 0.00020827
3.008; 0.250025; -3.6796e-06; -1.46629e-05; -2.64998; -3.19368e-05; 3.6796e-06; 2.79728e-05; 0.0261025; 9.80996; 18.7812; 18.7776; 0.431994; 5.71288e-05; -0.00252632; 0.375583; 5.85701e-05; 0.00126316; 0.309282; 0.000149962; 0.135116; 0.000208564
3.024; 0.376265; -5.29108e-06; -1.27652e-05; -2.52374; -3.1808e-05; 5.29108e-06; 0.0149608; -1.47351; 9.8052; 18.8568; 18.8748; 0.434067; 5.97484e-05; 0.00126316; 0.377311; 6.07529e-05; -0.00631579; 0.314254; 0.000147574; 0.112231; 0.000358254
3.04; 0.376265; -5.29108e-06; -1.27652e-05; -2.52374; -3.1808e-05; 5.29108e-06; 0.0910887; -0.0076348; 9.81044; 18.9252; 18.9972; 0.436137; 4.66774e-05; -0.00631579; 0.379219; 4.87024e-05; -0.0252632; 0.318579; 0.000147745; 0.112718; 0.000364821
3.056; 0.376265; -5.29108e-06; -1.27652e-05; -2.52374; -3.1808e-05; 5.29108e-06; 0.0929904; 0.0278195; 9.80655; 18.972; 19.0908; 0.438211; -5.72369e-06; -0.0252632; 0.380622; 1.32367e-05; -0.0416842; 0.322663; 0.000148163; 0.1137; 0.000352087
3.072; 0.376265; -5.29108e-06; -1.27652e-05; -2.52374; -3.1808e-05; 5.29108e-06; 0.0916329; 0.0631212; 9.81068; 19.044; 19.2024; 0.440297; -9.27484e-05; -0.0416842; 0.382457; -6.32733e-05; -0.0555789; 0.326538; 0.00014851; 0.115179; 0.000303771
3.088; 0.376265; -5.29108e-06; -1.27652e-05; -2.52374; -3.1808e-05; 5.29108e-06; 0.0876944; 0.057604; 9.80943; 19.0872; 19.2888; 0.442395; -0.000209448; -0.0555789; 0.383751; -0.000135267; -0.0707368; 0.330232; 0.000148227; 0.11651; 0.000248568
3.104; 0.376265; -5.29108e-06; -1.27652e-05; -2.52374; -3.1808e-05; 5.29108e-06; 0.0854741; 0.0571703; 9.80805; 19.1844; 19.386; 0.444503; -0.000358802; -0.0707368; 0.38569; -0.000272664; -0.0707368; 0.333763; 0.000147217; 0.11778; 0.000193858
3.12; 0.376265; -5.29108e-06; -1.27652e-05; -2.52374; -3.1808e-05; 5.29108e-06; 0.0858402; 0.0447126; 9.80979; 19.242; 19.5012; 0.44662; -0.000508804; -0.0707368; 0.387414; -0.000394796; -0.0909474; 0.337145; 0.000145501; 0.118801; 0.000141688
3.136; 0.376265; -5.29108e-06; -1.27652e-05; -2.52374; -3.1808e-05; 5.29108e-06; 0.0855472; 0.0368239; 9.80989; 19.3104; 19.6092; 0.44874; -0.000702208; -0.0909474; 0.38917; -0.000555006; -0.104842; 0.340387; 0.00014313; 0.11965; 9.48007e-05
3.152; 0.376265; -5.29108e-06; -1.27652e-05; -2.52374; -3.1808e-05; 5.29108e-06; 0.085264; 0.0290308; 9.80999; 19.3716; 19.6956; 0.450863; -0.0009256; -0.104842; 0.390638; -0.000709469; -0.113684; 0.343501; 0.000140195; 0.120332; 5.8131e-05
3.168; 0.376265; -5.29108e-06; -1.27652e-05; -2.52374; -3.1808e-05; 5.29108e-06; 0.085045; 0.0209553; 9.81006; 19.4256; 19.8216; 0.452987; -0.0011681; -0.113684; 0.392427; -0.00091366; -0.138947; 0.346494; 0.000136861; 0.120847; 3.12778e-05
3.184; 0.376265; -5.29108e-06; -1.27652e-05; -2.52374; -3.1808e-05; 5.29108e-06; 0.0848037; 0.0132447; 9.81013; 19.4832; 19.8864; 0.455105; -0.00146434; -0.138947; 0.393639; -0.00108319; -0.141474; 0.349373; 0.000133283; 0.121203; 2.13399e-05
3.2; 0.376265; -5.29108e-06; -1.27652e-05; -2.52374; -3.1808e-05; 5.29108e-06; 0.0846765; 0.00514371; 9.81017; 19.5552; 19.998; 0.457222; -0.00176579; -0.141474; 0.395456; -0.00134207; -0.155368; 0.352145; 0.000129723; 0.121397; 3.05015e-05
3.216; 0.376265; -5.29108e-06; -1.27652e-05; -2.52374; -3.1808e-05; 5.29108e-06; 0.0847282; -0.00374995; 9.81019; 19.6308; 20.1096; 0.459331; -0.00209612; -0.155368; 0.397306; -0.00163175; -0.168; 0.354815; 0.00012647; 0.12142; 6.4204e-05
3.232; 0.376265; -5.29108e-06; -1.27652e-05; -2.52374; -3.1808e-05; 5.29108e-06; 0.0849136; -0.0126528; 9.81019; 19.6884; 20.1888; 0.46143; -0.00245213; -0.168; 0.398655; -0.00186049; -0.175579; 0.357387; 0.00012389; 0.121273; 0.0001243
3.248; 0.376265; -5.29108e-06; -1.27652e-05; -2.52374; -3.1808e-05; 5.29108e-06; 0.0845303; -0.0215813; 9.81017; 19.7568; 20.3112; 0.463519; -0.00282269; -0.175579; 0.400533; -0.00219378; -0.194526; 0.359866; 0.000122371; 0.12096; 0.000218426
3.264; 0.376265; -5.29108e-06; -1.27652e-05; -2.52374; -3.1808e-05; 5.29108e-06; 0.0855482; -0.0199237; 9.81023; 19.8072; 20.4156; 0.465593; -0.00323133; -0.194526; 0.402052; -0.00249301; -0.213474; 0.362254; 0.00012241; 0.120649; 0.000315975
3.28; 0.376265; -5.29108e-06; -1.27652e-05; -2.52374; -3.1808e-05; 5.29108e-06; 0.0859514; -0.0180124; 9.8097; 19.8864; 20.4804; 0.467652; -0.00367773; -0.213474; 0.403459; -0.00279808; -0.208421; 0.364557; 0.000124017; 0.120343; 0.000404921
3.296; 0.376265; -5.29108e-06; -1.27652e-05; -2.52374; -3.1808e-05; 5.29108e-06; 0.0860261; -0.016044; 9.8101; 19.9512; 20.5992; 0.469708; -0.00411241; -0.208421; 0.405256; -0.00317798; -0.227368; 0.366781; 0.000127018; 0.120046; 0.000494724
3.312; 0.376265; -5.29108e-06; -1.27652e-05; -2.52374; -3.1808e-05; 5.29108e-06; 0.0861099; -0.0139574; 9.81009; 20.0196; 20.7036; 0.471749; -0.00458463; -0.227368; 0.406939; -0.00356749; -0.24; 0.368929; 0.000131388; 0.119762; 0.00058149
3.328; 0.376265; -5.29108e-06; -1.27652e-05; -2.52374; -3.1808e-05; 5.29108e-06; 0.0861865; -0.0117951; 9.81008; 20.0556; 20.8116; 0.473778; -0.00508133; -0.24; 0.408338; -0.00390979; -0.265263; 0.371006; 0.000137049; 0.119493; 0.000668118
3.344; 0.376265; -5.29108e-06; -1.27652e-05; -2.52374; -3.1808e-05; 5.29108e-06; 0.0862545; -0.00959295; 9.81006; 20.1384; 20.9088; 0.47579; -0.0056279; -0.265263; 0.410075; -0.00438168; -0.270316; 0.373016; 0.000143966; 0.119239; 0.000746948
3.36; 0.376265; -5.29108e-06; -1.27652e-05; -2.52374; -3.1808e-05; 5.29108e-06; 0.0863131; -0.00738731; 9.81005; 20.1636; 20.9844; 0.477795; -0.00618353; -0.270316; 0.411046; -0.00465085; -0.288; 0.374963; 0.000151989; 0.119001; 0.000820773
3.376; 0.376265; -5.29108e-06; -1.27652e-05; -2.52374; -3.1808e-05; 5.29108e-06; 0.0863621; -0.00521447; 9.81004; 20.2716; 21.0996; 0.479787; -0.0067735; -0.288; 0.413186; -0.00528482; -0.290526; 0.37685; 0.000161017; 0.11878; 0.000885266
3.392; 0.376265; -5.29108e-06; -1.27652e-05; -2.52374; -3.1808e-05; 5.29108e-06; 0.0864017; -0.00311024; 9.81003; 20.3256; 21.2256; 0.481774; -0.00736762; -0.290526; 0.414911; -0.00580044; -0.315789; 0.37868; 0.000170881; 0.118576; 0.000944734
3.408; 0.376265; -5.29108e-06; -1.27652e-05; -2.52374; -3.1808e-05; 5.29108e-06; 0.0864323; -0.00110944; 9.81002; 20.3904; 21.3084; 0.483743; -0.00801095; -0.315789; 0.416314; -0.00625884; -0.322105; 0.380455; 0.000181488; 0.118386; 0.000995214
3.424; 0.376265; -5.29108e-06; -1.27652e-05; -2.52374; -3.1808e-05; 5.29108e-06; 0.0864546; 0.000754639; 9.81001; 20.4444; 21.4056; 0.485706; -0.00866605; -0.322105; 0.417748; -0.00673748; -0.337263; 0.38218; 0.000192682; 0.11821; 0.00103811
3.44; 0.376265; -5.29108e-06; -1.27652e-05; -2.52374; -3.1808e-05; 5.29108e-06; 0.0864693; 0.00245069; 9.81; 20.52; 21.4992; 0.487657; -0.00935028; -0.337263; 0.419345; -0.00729737; -0.343579; 0.383856; 0.000204335; 0.118045; 0.00107264
3.456; 0.376265; -5.29108e-06; -1.27652e-05; -2.52374; -3.1808e-05; 5.29108e-06; 0.0864771; 0.00394993; 9.80999; 20.5956; 21.5964; 0.489603; -0.0100464; -0.343579; 0.420972; -0.00787947; -0.351158; 0.385485; 0.000216309; 0.11789; 0.00109964
3.472; 0.376265; -5.29108e-06; -1.27652e-05; -2.52374; -3.1808e-05; 5.29108e-06; 0.0864791; 0.00522653; 9.80999; 20.6316; 21.6828; 0.491543; -0.0107569; -0.351158; 0.422121; -0.0083005; -0.368842; 0.387069; 0.000228481; 0.11774; 0.00112058
3.488; 0.376265; -5.29108e-06; -1.27652e-05; -2.52374; -3.1808e-05; 5.29108e-06; 0.0864759; 0.00625808; 9.80998; 20.7072; 21.7944; 0.493469; -0.0115014; -0.368842; 0.423867; -0.00897543; -0.381474; 0.388611; 0.000240757; 0.117593; 0.00113605
3.504; 0.376265; -5.29108e-06; -1.27652e-05; -2.52374; -3.1808e-05; 5.29108e-06; 0.0864685; 0.0070259; 9.80998; 20.7612; 21.9132; 0.495385; -0.0122699; -0.381474; 0.425471; -0.00961874; -0.404211; 0.390112; 0.00025305; 0.117445; 0.00114757
3.52; 0.376265; -5.29108e-06; -1.27652e-05; -2.52374; -3.1808e-05; 5.29108e-06; 0.0864576; 0.00751544; 9.80997; 20.8368; 22.0068; 0.497282; -0.0130817; -0.404211; 0.427027; -0.0102842; -0.410526; 0.391574; 0.000265302; 0.117293; 0.00115613
3.536; 0.376265; -5.29108e-06; -1.27652e-05; -2.52374; -3.1808e-05; 5.29108e-06; 0.0864441; 0.00771651; 9.80997; 20.8908; 22.122; 0.499175; -0.0139054; -0.410526; 0.428578; -0.0109595; -0.432; 0.392998; 0.00027747; 0.117132; 0.00116376
3.552; 0.376265; -5.29108e-06; -1.27652e-05; -2.52374; -3.1808e-05; 5.29108e-06; 0.0864286; 0.00762345; 9.80997; 20.9736; 22.2156; 0.501049; -0.0147693; -0.432; 0.43018; -0.011698; -0.435789; 0.394386; 0.000289544; 0.116958; 0.00117208
3.568; 0.376265; -5.29108e-06; -1.27652e-05; -2.52374; -3.1808e-05; 5.29108e-06; 0.0864119; 0.00723529; 9.80997; 21.0312; 22.3164; 0.502919; -0.0156402; -0.435789; 0.431616; -0.0123667; -0.450947; 0.395738; 0.000301539; 0.116769; 0.00118338
3.584; 0.376265; -5.29108e-06; -1.27652e-05; -2.52374; -3.1808e-05; 5.29108e-06; 0.0863945; 0.00655583; 9.80997; 21.0816; 22.4208; 0.504775; -0.016539; -0.450947; 0.433009; -0.0130413; -0.469895; 0.397056; 0.000313505; 0.11656; 0.00120004
3.6; 0.376265; -5.29108e-06; -1.27652e-05; -2.52374; -3.1808e-05; 5.29108e-06; 0.086377; 0.00559353; 9.80997; 21.168; 22.5108; 0.506613; -0.0174725; -0.469895; 0.434582; -0.01384; -0.471158; 0.39834; 0.000325529; 0.116327; 0.00122373
3.616; 0.376265; -5.29108e-06; -1.27652e-05; -2.52374; -3.1808e-05; 5.29108e-06; 0.08636; 0.00436151; 9.80997; 21.2616; 22.5972; 0.508449; -0.0184078; -0.471158; 0.436186; -0.0146571; -0.468632; 0.399591; 0.000337722; 0.116067; 0.0012562
3.632; 0.376265; -5.29108e-06; -1.27652e-05; -2.52374; -3.1808e-05; 5.29108e-06; 0.086344; 0.00287732; 9.80997; 21.2832; 22.7052; 0.510286; -0.0193377; -0.468632; 0.437342; -0.0152425; -0.498947; 0.40081; 0.00035022; 0.115778; 0.00130197
3.648; 0.376265; -5.29108e-06; -1.27652e-05; -2.52374; -3.1808e-05; 5.29108e-06; 0.0863293; 0.00116272; 9.80997; 21.3444; 22.8096; 0.512092; -0.020322; -0.498947; 0.438796; -0.0160349; -0.514105; 0.401998; 0.000363227; 0.115456; 0.00136249
3.664; 0.376265; -5.29108e-06; -1.27652e-05; -2.52374; -3.1808e-05; 5.29108e-06; 0.0863164; -0.000756643; 9.80997; 21.4092; 22.8888; 0.513881; -0.0213323; -0.514105; 0.44005; -0.016743; -0.519158; 0.403154; 0.000376966; 0.1151; 0.00143879
3.68; 0.376265; -5.29108e-06; -1.27652e-05; -2.52374; -3.1808e-05; 5.29108e-06; 0.0863056; -0.00285161; 9.80997; 21.4848; 23.0076; 0.515662; -0.0223501; -0.519158; 0.441738; -0.0177075; -0.534316; 0.40428; 0.00039167; 0.114708; 0.00153417
3.696; 0.376265; -5.29108e-06; -1.27652e-05; -2.52374; -3.1808e-05; 5.29108e-06; 0.0862971; -0.00508995; 9.80997; 21.5388; 23.1084; 0.517425; -0.023393; -0.534316; 0.44307; -0.0184958; -0.550737; 0.405376; 0.000407623; 0.114279; 0.00165093
3.712; 0.376265; -5.29108e-06; -1.27652e-05; -2.52374; -3.1808e-05; 5.29108e-06; 0.0862912; -0.00743685; 9.80997; 21.6036; 23.2056; 0.519166; -0.0244625; -0.550737; 0.444451; -0.0193436; -0.562105; 0.406442; 0.000425136; 0.113811; 0.00178985
3.728; 0.376265; -5.29108e-06; -1.27652e-05; -2.52374; -3.1808e-05; 5.29108e-06; 0.0862879; -0.00985543; 9.80996; 21.6828; 23.3352; 0.520891; -0.0255492; -0.562105; 0.446218; -0.0204564; -0.579789; 0.407478; 0.000444528; 0.113306; 0.00195385
3.744; 0.376265; -5.29108e-06; -1.27652e-05; -2.52374; -3.1808e-05; 5.29108e-06; 0.0862875; -0.0123074; 9.80996; 21.7404; 23.3964; 0.522593; -0.0266632; -0.579789; 0.447211; -0.0211073; -0.581053; 0.408484; 0.000466158; 0.112762; 0.00213969
3.76; 0.376265; -5.29108e-06; -1.27652e-05; -2.52374; -3.1808e-05; 5.29108e-06; 0.0864521; -0.0123337; 9.81; 21.8124; 23.526; 0.524288; -0.0277764; -0.581053; 0.448897; -0.0222139; -0.601263; 0.409462; 0.000490328; 0.112214; 0.00233145
3.776; 0.376265; -5.29108e-06; -1.27652e-05; -2.52374; -3.1808e-05; 5.29108e-06; 0.0865124; -0.0122908; 9.80986; 21.8772; 23.6232; 0.525956; -0.0289206; -0.601263; 0.450233; -0.0231303; -0.612632; 0.410411; 0.000517084; 0.111662; 0.00252598
3.792; 0.376265; -5.29108e-06; -1.27652e-05; -2.52374; -3.1808e-05; 5.29108e-06; 0.0865042; -0.0122539; 9.80996; 21.9204; 23.6916; 0.527606; -0.0300806; -0.612632; 0.451146; -0.023772; -0.621474; 0.411332; 0.000546422; 0.111105; 0.00272259
3.808; 0.376265; -5.29108e-06; -1.27652e-05; -2.52374; -3.1808e-05; 5.29108e-06; 0.0864966; -0.0121998; 9.80996; 21.9852; 23.8176; 0.529242; -0.031252; -0.621474; 0.452697; -0.0248829; -0.642947; 0.412227; 0.000578332; 0.110548; 0.00292453
3.824; 0.376265; -5.29108e-06; -1.27652e-05; -2.52374; -3.1808e-05; 5.29108e-06; 0.0864903; -0.0121269; 9.80996; 22.05; 23.9076; 0.530848; -0.032455; -0.642947; 0.453936; -0.025811; -0.651789; 0.413095; 0.00061285; 0.109987; 0.00312812
3.84; 0.376265; -5.29108e-06; -1.27652e-05; -2.52374; -3.1808e-05; 5.29108e-06; 0.0864853; -0.0120321; 9.80996; 22.1292; 24.012; 0.532439; -0.0336689; -0.651789; 0.455395; -0.0269247; -0.660632; 0.413937; 0.000649958; 0.109424; 0.00333313
3.856; 0.376265; -5.29108e-06; -1.27652e-05; -2.52374; -3.1808e-05; 5.29108e-06; 0.0864815; -0.0119128; 9.80996; 22.1796; 24.0984; 0.534015; -0.0348935; -0.660632; 0.456476; -0.0277642; -0.673263; 0.414754; 0.000689635; 0.108859; 0.00354026
3.872; 0.376265; -5.29108e-06; -1.27652e-05; -2.52374; -3.1808e-05; 5.29108e-06; 0.0864788; -0.0117665; 9.80996; 22.2408; 24.2136; 0.535571; -0.0361347; -0.673263; 0.457855; -0.0288641; -0.692211; 0.415547; 0.00073187; 0.108295; 0.00375077
3.888; 0.376265; -5.29108e-06; -1.27652e-05; -2.52374; -3.1808e-05; 5.29108e-06; 0.0864771; -0.0115912; 9.80996; 22.3128; 24.318; 0.537099; -0.0374018; -0.692211; 0.459213; -0.02999; -0.703579; 0.416316; 0.000776675; 0.10773; 0.00396232
3.904; 0.376265; -5.29108e-06; -1.27652e-05; -2.52374; -3.1808e-05; 5.29108e-06; 0.0864764; -0.0113855; 9.80996; 22.3956; 24.4152; 0.538609; -0.0386828; -0.703579; 0.460585; -0.0311545; -0.708632; 0.417062; 0.000824024; 0.107164; 0.00417297
3.92; 0.376265; -5.29108e-06; -1.27652e-05; -2.52374; -3.1808e-05; 5.29108e-06; 0.0890752; -0.00871456; 9.80996; 22.4208; 24.5268; 0.540109; -0.0399685; -0.708632; 0.461624; -0.0320448; -0.738947; 0.417785; 0.000873862; 0.106632; 0.00436219
3.936; 0.376265; -5.29108e-06; -1.27652e-05; -2.52374; -3.1808e-05; 5.29108e-06; 0.0865263; -0.0106231; 9.80996; 22.518; 24.6168; 0.541565; -0.0412957; -0.738947; 0.463008; -0.0333056; -0.736421; 0.418487; 0.000925813; 0.106071; 0.00457138
3.952; 0.376265; -5.29108e-06; -1.27652e-05; -2.52374; -3.1808e-05; 5.29108e-06; 0.0865272; -0.0102135; 9.80996; 22.5828; 24.7284; 0.543022; -0.042616; -0.736421; 0.464314; -0.0344903; -0.752842; 0.419167; 0.000980158; 0.105515; 0.00477983
3.968; 0.376265; -5.29108e-06; -1.27652e-05; -2.52374; -3.1808e-05; 5.29108e-06; 0.0865292; -0.00977628; 9.80996; 22.644; 24.8364; 0.544453; -0.0439567; -0.752842; 0.465549; -0.0356472; -0.769263; 0.419826; 0.00103685; 0.104963; 0.00498703
3.984; 0.376265; -5.29108e-06; -1.27652e-05; -2.52374; -3.1808e-05; 5.29108e-06; 0.0865317; -0.00931531; 9.80996; 22.6764; 24.9012; 0.545858; -0.0453175; -0.769263; 0.466247; -0.0363233; -0.780632; 0.420465; 0.00109583; 0.104415; 0.00519145
4; 0.376265; -5.29108e-06; -1.27652e-05; -2.52374; -3.1808e-05; 5.29108e-06; 0.0865346; -0.00883456; 9.80996; 22.752; 25.038; 0.547245; -0.046691; -0.780632; 0.467757; -0.037818; -0.802105; 0.421084; 0.00115703; 0.103872; 0.00539471
4.016; 0.376265; -5.29108e-06; -1.27652e-05; -2.52374; -3.1808e-05; 5.29108e-06; 0.0865376; -0.00833859; 9.80996; 22.806; 25.1136; 0.548599; -0.0480908; -0.802105; 0.468657; -0.0387496; -0.809684; 0.421684; 0.00122038; 0.103333; 0.00559369
4.032; 0.468543; -0.04074; -0.415706; -2.43146; -3.78289e-05; 0.04074; 0.0865408; -0.0078325; 9.80996; 22.8924; 25.2144; 0.549939; -0.0494977; -0.809684; 0.469949; -0.0401051; -0.814737; 0.425359; -0.000207976; 0.103814; 0.00576006
4.048; 0.468543; -0.04074; -0.415706; -2.43146; -3.78289e-05; 0.04074; 0.0865441; -0.00732184; 9.80996; 22.9428; 25.3224; 0.551269; -0.0509084; -0.814737; 0.471035; -0.0412575; -0.834947; 0.428818; -0.00154021; 0.104232; 0.00592578
4.064; 0.468543; -0.04074; -0.415706; -2.43146; -3.78289e-05; 0.04074; 0.0865474; -0.00681259; 9.80996; 23.0112; 25.4232; 0.552568; -0.0523426; -0.834947; 0.472171; -0.0425117; -0.846316; 0.432084; -0.00278575; 0.104593; 0.00608893
4.08; 0.468543; -0.04074; -0.415706; -2.43146; -3.78289e-05; 0.04074; 0.0865507; -0.00631098; 9.80996; 23.0724; 25.5204; 0.553848; -0.0537886; -0.846316; 0.473221; -0.0436979; -0.858947; 0.435179; -0.00395282; 0.104902; 0.0062495
4.096; 0.468543; -0.04074; -0.415706; -2.43146; -3.78289e-05; 0.04074; 0.086554; -0.00582348; 9.80996; 23.1228; 25.6032; 0.555107; -0.0552479; -0.858947; 0.474091; -0.0447064; -0.870316; 0.438117; -0.00504859; 0.105166; 0.00640717
4.112; 0.468543; -0.04074; -0.415706; -2.43146; -3.78289e-05; 0.04074; 0.0865572; -0.00535661; 9.80996; 23.2128; 25.722; 0.556347; -0.0567185; -0.870316; 0.475437; -0.0463028; -0.880421; 0.440914; -0.00607934; 0.105389; 0.00656177
4.128; 0.468543; -0.04074; -0.415706; -2.43146; -3.78289e-05; 0.04074; 0.0865604; -0.0049169; 9.80996; 23.2848; 25.8336; 0.557569; -0.0581989; -0.880421; 0.476606; -0.0477183; -0.894316; 0.443583; -0.00705064; 0.105576; 0.00671394
4.144; 0.468543; -0.04074; -0.415706; -2.43146; -3.78289e-05; 0.04074; 0.0865635; -0.00451072; 9.80996; 23.3352; 25.9272; 0.558769; -0.0596935; -0.894316; 0.477508; -0.0488412; -0.909474; 0.446133; -0.00796738; 0.105729; 0.00686402
4.16; 0.468543; -0.04074; -0.415706; -2.43146; -3.78289e-05; 0.04074; 0.0865665; -0.00414419; 9.80996; 23.4072; 26.0316; 0.559944; -0.0612035; -0.909474; 0.478591; -0.0502333; -0.920842; 0.448575; -0.00883391; 0.105852; 0.00701181
4.176; 0.468543; -0.04074; -0.415706; -2.43146; -3.78289e-05; 0.04074; 0.0865695; -0.00382306; 9.80996; 23.4756; 26.1252; 0.5611; -0.0627241; -0.920842; 0.479571; -0.051523; -0.929684; 0.450918; -0.00965411; 0.105946; 0.0071574
4.192; 0.468543; -0.04074; -0.415706; -2.43146; -3.78289e-05; 0.04074; 0.0865726; -0.0035526; 9.80996; 23.508; 26.2224; 0.562241; -0.0642523; -0.929684; 0.480346; -0.0525617; -0.952421; 0.453167; -0.0104314; 0.106015; 0.00730294
4.208; 0.468543; -0.04074; -0.415706; -2.43146; -3.78289e-05; 0.04074; 0.0865756; -0.0033375; 9.80996; 23.5944; 26.334; 0.563344; -0.0658036; -0.952421; 0.481494; -0.054175; -0.961263; 0.455331; -0.011169; 0.106058; 0.00744737
4.224; 0.468543; -0.04074; -0.415706; -2.43146; -3.78289e-05; 0.04074; 0.0865788; -0.0031818; 9.80996; 23.6556; 26.4384; 0.564432; -0.067362; -0.961263; 0.482442; -0.0555328; -0.976421; 0.457415; -0.0118695; 0.106079; 0.00759206
4.24; 0.468543; -0.04074; -0.415706; -2.43146; -3.78289e-05; 0.04074; 0.086582; -0.00308876; 9.80996; 23.724; 26.5356; 0.565495; -0.0689341; -0.976421; 0.48337; -0.0569048; -0.986526; 0.459424; -0.0125355; 0.106077; 0.00773719
4.256; 0.468543; -0.04074; -0.415706; -2.43146; -3.78289e-05; 0.04074; 0.0865854; -0.00306082; 9.80996; 23.7816; 26.64; 0.56654; -0.0705144; -0.986526; 0.484263; -0.0582561; -1.00295; 0.461362; -0.0131693; 0.106055; 0.0078842
4.272; 0.468543; -0.04074; -0.415706; -2.43146; -3.78289e-05; 0.04074; 0.0839465; -0.00751245; 9.80996; 23.8356; 26.73; 0.567557; -0.0721081; -1.00295; 0.485038; -0.0594701; -1.01558; 0.463235; -0.0137728; 0.105975; 0.00809355
4.288; 0.46854