time; orientation; distance; velocity towards goal direction; overall
0; 1; 0.68444; 0; 0
0.064; 1; 0.68444; 0.747102; 0.511346
0.128; 0.999988; 0.684589; 0.518278; 0.354803
0.192; 0.999995; 0.685213; 0.479825; 0.32878
0.256; 0.999983; 0.68703; 0.19879; 0.136573
0.32; 0.999979; 0.689043; 0.121112; 0.0834499
0.384; 0.999989; 0.693348; 0.159892; 0.11086
0.448; 0.999989; 0.700014; 0.159951; 0.111967
0.512; 0.978413; 0.706945; 0.313004; 0.2165
0.576; 0.97425; 0.708079; 0.732516; 0.505323
0.64; 0.974036; 0.708914; 0.760571; 0.52518
0.704; 0.97405; 0.709067; 0.796963; 0.550435
0.768; 0.9594; 0.712182; 0.647339; 0.442306
0.832; 0.958126; 0.71271; 0.784651; 0.535811
0.896; 0.958163; 0.713036; 0.795036; 0.543173
0.96; 0.95818; 0.713371; 0.795; 0.543412
1.024; 0.958185; 0.713712; 0.79512; 0.543757
1.088; 0.958187; 0.714059; 0.795178; 0.544062
1.152; 0.958188; 0.714412; 0.795207; 0.544352
1.216; 0.95819; 0.714773; 0.795236; 0.544647
1.28; 0.958191; 0.715141; 0.795295; 0.544969
1.344; 0.958192; 0.715517; 0.795206; 0.545195
1.408; 0.958193; 0.715901; 0.795265; 0.545529
1.472; 0.958194; 0.716294; 0.795206; 0.545788
1.536; 0.958196; 0.716694; 0.795236; 0.546115
1.6; 0.958199; 0.717103; 0.795236; 0.546428
1.664; 0.958204; 0.717519; 0.795266; 0.546769
1.728; 0.958209; 0.717945; 0.795236; 0.547076
1.792; 0.958214; 0.718379; 0.795266; 0.547429
1.856; 0.958217; 0.718595; 0.795236; 0.547575
1.92; 0.958217; 0.717572; 0.795236; 0.546796
1.984; 0.958215; 0.715959; 0.795266; 0.545586
2.048; 0.958213; 0.714357; 0.795206; 0.544324
2.112; 0.95821; 0.712765; 0.795265; 0.543149
2.176; 0.958207; 0.711183; 0.795265; 0.541942
2.24; 0.958203; 0.709612; 0.795206; 0.540702
2.304; 0.9582; 0.708052; 0.795294; 0.539571
2.368; 0.958197; 0.706502; 0.795235; 0.538349
2.432; 0.958195; 0.704965; 0.795206; 0.537157
2.496; 0.958194; 0.703439; 0.795265; 0.536033
2.56; 0.958194; 0.701924; 0.795235; 0.534859
2.624; 0.958193; 0.700422; 0.795265; 0.533734
2.688; 0.958194; 0.698933; 0.795236; 0.53258
2.752; 0.958195; 0.697456; 0.795236; 0.531455
2.816; 0.958198; 0.695993; 0.795236; 0.530342
2.88; 0.958202; 0.694543; 0.795206; 0.52922
2.944; 0.958207; 0.693107; 0.795265; 0.528167
3.008; 0.958212; 0.691684; 0.795236; 0.527067
3.072; 0.958216; 0.690277; 0.795266; 0.526016
3.136; 0.958218; 0.688883; 0.795206; 0.524916
3.2; 0.958217; 0.687505; 0.795295; 0.523923
3.264; 0.958215; 0.686141; 0.795236; 0.522844
3.328; 0.958213; 0.684793; 0.795265; 0.521835
3.392; 0.958209; 0.68346; 0.795236; 0.520798
3.456; 0.958206; 0.682142; 0.795235; 0.519791
3.52; 0.958202; 0.68084; 0.795265; 0.518817
3.584; 0.958199; 0.679554; 0.795235; 0.517816
3.648; 0.958197; 0.678284; 0.795235; 0.516847
3.712; 0.958196; 0.677031; 0.795235; 0.515891
3.776; 0.958195; 0.675794; 0.795265; 0.514968
3.84; 0.958194; 0.674574; 0.795206; 0.513999
3.904; 0.958194; 0.673371; 0.795265; 0.513121
3.968; 0.958195; 0.672185; 0.795206; 0.51218
4.032; 0.958197; 0.671017; 0.795265; 0.511329
4.096; 0.9582; 0.669866; 0.795236; 0.510435
4.16; 0.958205; 0.668733; 0.795236; 0.509574
4.224; 0.95821; 0.667619; 0.795265; 0.508746
4.288; 0.958215; 0.666522; 0.795206; 0.507875
4.352; 0.958218; 0.665443; 0.795295; 0.507111
4.416; 0.958218; 0.664383; 0.795265; 0.506285
4.48; 0.958217; 0.663341; 0.795236; 0.505471
4.544; 0.958215; 0.662317; 0.795236; 0.50469
4.608; 0.958212; 0.661312; 0.795236; 0.503922
4.672; 0.958208; 0.660325; 0.795235; 0.503168
4.736; 0.958205; 0.659356; 0.795265; 0.502447
4.8; 0.958201; 0.658406; 0.795265; 0.501721
4.864; 0.958199; 0.657474; 0.795206; 0.500972
4.928; 0.958197; 0.656559; 0.795265; 0.500311
4.992; 0.958196; 0.655664; 0.795264; 0.499628
5.056; 0.963305; 0.655527; 0.757515; 0.47835
5.12; 0.974219; 0.658238; 0.604114; 0.387399
5.184; 0.974238; 0.657633; 0.792198; 0.507554
5.248; 0.97426; 0.656948; 0.796991; 0.510105
5.312; 0.974268; 0.656266; 0.796929; 0.50954
5.376; 0.97427; 0.655586; 0.796988; 0.509051
5.44; 0.973579; 0.651895; 0.656316; 0.416544
5.504; 0.973642; 0.64761; 0.632027; 0.398518
5.568; 0.973704; 0.646697; 0.356051; 0.224202
5.632; 0.971395; 0.64558; 0.455477; 0.285636
5.696; 0.970498; 0.643226; 0.426312; 0.266125
5.76; 0.966807; 0.641743; 0.562425; 0.348952
5.824; 0.960374; 0.6397; 0.548141; 0.336751
5.888; 0.949598; 0.63741; 0.632737; 0.382985
5.952; 0.940095; 0.634846; 0.743626; 0.443808
6.016; 0.926229; 0.632849; 0.680406; 0.398828
6.08; 0.916543; 0.630899; 0.7682; 0.444208
6.144; 0.911301; 0.629322; 0.757028; 0.434157
6.208; 0.904075; 0.628014; 0.747115; 0.42419
6.272; 0.904106; 0.627241; 0.786626; 0.44609
6.336; 0.904147; 0.626078; 0.778554; 0.440713
6.4; 0.900823; 0.624733; 0.763679; 0.429779
6.464; 0.901078; 0.623594; 0.77284; 0.434264
6.528; 0.899703; 0.622618; 0.747575; 0.41877
6.592; 0.896567; 0.621601; 0.754925; 0.420725
6.656; 0.895529; 0.621282; 0.796082; 0.442921
6.72; 0.895107; 0.621236; 0.670198; 0.372678
6.784; 0.895162; 0.621707; 0.612652; 0.340958
6.848; 0.895191; 0.622299; 0.616637; 0.343514
6.912; 0.895205; 0.623016; 0.618121; 0.344743
6.976; 0.911273; 0.624423; 0.520822; 0.296358
7.04; 0.911656; 0.625851; 0.619577; 0.353506
7.104; 0.911647; 0.627351; 0.623423; 0.35655
7.168; 0.911639; 0.628921; 0.623559; 0.357517
7.232; 0.908515; 0.630643; 0.624718; 0.357932
7.296; 0.907827; 0.63241; 0.626729; 0.359817
7.36; 0.907831; 0.634248; 0.627098; 0.361077
7.424; 0.90784; 0.636158; 0.627107; 0.362173
7.488; 0.909359; 0.638204; 0.610654; 0.354397
7.552; 0.909366; 0.640305; 0.627588; 0.365427
7.616; 0.902577; 0.641914; 0.488391; 0.282962
7.68; 0.902594; 0.640262; 0.62963; 0.363861
7.744; 0.902608; 0.638598; 0.629174; 0.362658
7.808; 0.902616; 0.636925; 0.629197; 0.361724
7.872; 0.90262; 0.635246; 0.629167; 0.360755
7.936; 0.902624; 0.633563; 0.629283; 0.359868
8; 0.902627; 0.631879; 0.629341; 0.358945
8.064; 0.902629; 0.630193; 0.629282; 0.357955
8.128; 0.902633; 0.628509; 0.629311; 0.357016
8.192; 0.902635; 0.626826; 0.629311; 0.356061
8.256; 0.902636; 0.625145; 0.629311; 0.355107
8.32; 0.902636; 0.623467; 0.629311; 0.354154
8.384; 0.902636; 0.621792; 0.629282; 0.353186
8.448; 0.902637; 0.620117; 0.629341; 0.352268
8.512; 0.902638; 0.618439; 0.629311; 0.351298
8.576; 0.902638; 0.61675; 0.62937; 0.350371
8.64; 0.902638; 0.615024; 0.630016; 0.34975
8.704; 0.902639; 0.61318; 0.630662; 0.349059
8.768; 0.902639; 0.611176; 0.631337; 0.34829
8.832; 0.90264; 0.609098; 0.632071; 0.34751
8.896; 0.90264; 0.607009; 0.632834; 0.346736
8.96; 0.90264; 0.604654; 0.633598; 0.345808
9.024; 0.90264; 0.600764; 0.634478; 0.344061
9.088; 0.90264; 0.596939; 0.63533; 0.342329
9.152; 0.902641; 0.593183; 0.636299; 0.340694
9.216; 0.902659; 0.589499; 0.637355; 0.339147
9.28; 0.903276; 0.585892; 0.638677; 0.338002
9.344; 0.905461; 0.582486; 0.650252; 0.342955
9.408; 0.907524; 0.579975; 0.72087; 0.379424
9.472; 0.911242; 0.578077; 0.752643; 0.396468
9.536; 0.911242; 0.576588; 0.77402; 0.406679
9.6; 0.911227; 0.575356; 0.777251; 0.407497
9.664; 0.911215; 0.574241; 0.778689; 0.407454
9.728; 0.911209; 0.573171; 0.778684; 0.40669
9.792; 0.911205; 0.57215; 0.778653; 0.405948
9.856; 0.911204; 0.571179; 0.778741; 0.405304
9.92; 0.911203; 0.570261; 0.778653; 0.404606
9.984; 0.911201; 0.569398; 0.778682; 0.404008
10.048; 0.9112; 0.568591; 0.778652; 0.40342
10.112; 0.911198; 0.567844; 0.778711; 0.402919
10.176; 0.911196; 0.567157; 0.778652; 0.402401
10.24; 0.911195; 0.566533; 0.778711; 0.401987
10.304; 0.911194; 0.565971; 0.778652; 0.401558
10.368; 0.911194; 0.565475; 0.778681; 0.401221
10.432; 0.911195; 0.565044; 0.778681; 0.400916
10.496; 0.911196; 0.56468; 0.778652; 0.400643
10.56; 0.911199; 0.564382; 0.778697; 0.400456
10.624; 0.911202; 0.56415; 0.778667; 0.400277
10.688; 0.911205; 0.563985; 0.778697; 0.400177
10.752; 0.911206; 0.563886; 0.778668; 0.400092
10.816; 0.911206; 0.563852; 0.778682; 0.400076
10.88; 0.911206; 0.563883; 0.778668; 0.40009
10.944; 0.911206; 0.563976; 0.778698; 0.400171
11.008; 0.911206; 0.56413; 0.778668; 0.400266
11.072; 0.911205; 0.564344; 0.778668; 0.400417
11.136; 0.911204; 0.564616; 0.778697; 0.400624
11.2; 0.911202; 0.564944; 0.778667; 0.400841
11.264; 0.886851; 0.56817; 0.649189; 0.327115
11.328; 0.886913; 0.568795; 0.763631; 0.385231
11.392; 0.886945; 0.5695; 0.763317; 0.385563
11.456; 0.886956; 0.570272; 0.763277; 0.38607
11.52; 0.886957; 0.571106; 0.763338; 0.386666
11.584; 0.886954; 0.571996; 0.763391; 0.387294
11.648; 0.886954; 0.572939; 0.763427; 0.387951
11.712; 0.886954; 0.57393; 0.763416; 0.388617
11.776; 0.886955; 0.574966; 0.763432; 0.389326
11.84; 0.886957; 0.576042; 0.763447; 0.390064
11.904; 0.88696; 0.575263; 0.763434; 0.389531
11.968; 0.886963; 0.573994; 0.763419; 0.388665
12.032; 0.886964; 0.572701; 0.763463; 0.387813
12.096; 0.886964; 0.571385; 0.763419; 0.3869
12.16; 0.886964; 0.570048; 0.763448; 0.386008
12.224; 0.886965; 0.56869; 0.763463; 0.385097
12.288; 0.886964; 0.567313; 0.763419; 0.384142
12.352; 0.886964; 0.565919; 0.763434; 0.383205
12.416; 0.886962; 0.564508; 0.763477; 0.382271
12.48; 0.88696; 0.563083; 0.763418; 0.381275
12.544; 0.886959; 0.561643; 0.763432; 0.380307
12.608; 0.886957; 0.560191; 0.763447; 0.37933
12.672; 0.886954; 0.558727; 0.763432; 0.37833
12.736; 0.886953; 0.557252; 0.763446; 0.377338
12.8; 0.886952; 0.555768; 0.763446; 0.376333
12.864; 0.886951; 0.554276; 0.763402; 0.3753
12.928; 0.886951; 0.552776; 0.763446; 0.374306
12.992; 0.886953; 0.551269; 0.763432; 0.37328
13.056; 0.886955; 0.549757; 0.763447; 0.372264
13.12; 0.886958; 0.54824; 0.763433; 0.371232
13.184; 0.886962; 0.546719; 0.763448; 0.370211
13.248; 0.886964; 0.545196; 0.763419; 0.369165
13.312; 0.886964; 0.54367; 0.763463; 0.368154
13.376; 0.886964; 0.542142; 0.763419; 0.367098
13.44; 0.886964; 0.540613; 0.763448; 0.366077
13.504; 0.886965; 0.539083; 0.763434; 0.365034
13.568; 0.886964; 0.537554; 0.763448; 0.364005
13.632; 0.886963; 0.536026; 0.763448; 0.36297
13.696; 0.886961; 0.534498; 0.763462; 0.361942
13.76; 0.886959; 0.532973; 0.763418; 0.360887
13.824; 0.886958; 0.531449; 0.763447; 0.359868
13.888; 0.886955; 0.529929; 0.763432; 0.358831
13.952; 0.886953; 0.528411; 0.763431; 0.357802
14.016; 0.886952; 0.526898; 0.763446; 0.356784
14.08; 0.886951; 0.525388; 0.763417; 0.355747
14.144; 0.886951; 0.523883; 0.763461; 0.354748
14.208; 0.886952; 0.522383; 0.763417; 0.353713
14.272; 0.886954; 0.520888; 0.763432; 0.352708
14.336; 0.886956; 0.519398; 0.763418; 0.351694
14.4; 0.88696; 0.517915; 0.763462; 0.350711
14.464; 0.886963; 0.516437; 0.763418; 0.349692
14.528; 0.886964; 0.514966; 0.763448; 0.34871
14.592; 0.886964; 0.513502; 0.763463; 0.347725
14.656; 0.886964; 0.512045; 0.763419; 0.346718
14.72; 0.886965; 0.510594; 0.763434; 0.345743
14.784; 0.886965; 0.509151; 0.763463; 0.344779
14.848; 0.886284; 0.508764; 0.675489; 0.304584
14.912; 0.886967; 0.510204; 0.601934; 0.272396
14.976; 0.886964; 0.5115; 0.61867; 0.28068
15.04; 0.88696; 0.513162; 0.607863; 0.276672
15.104; 0.886957; 0.514947; 0.606817; 0.277155
15.168; 0.886954; 0.515189; 0.60628; 0.277039
15.232; 0.914118; 0.514625; 0.470557; 0.221363
15.296; 0.91732; 0.514175; 0.607285; 0.286434
15.36; 0.917615; 0.513881; 0.31828; 0.150083
15.424; 0.914753; 0.513843; 0.423987; 0.19929
15.488; 0.934916; 0.513722; 0.278577; 0.133797
15.552; 0.934257; 0.514095; 0.319335; 0.153376
15.616; 0.933815; 0.514092; 0.587938; 0.28225
15.68; 0.924983; 0.5142; 0.416654; 0.198172
15.744; 0.925742; 0.514608; 0.561838; 0.267656
15.808; 0.923549; 0.515267; 0.476222; 0.226622
15.872; 0.923566; 0.516046; 0.479592; 0.228575
15.936; 0.923585; 0.516803; 0.479897; 0.22906
16; 0.923598; 0.51754; 0.480029; 0.229453
16.064; 0.923605; 0.518257; 0.480035; 0.229776
16.128; 0.923607; 0.518954; 0.480074; 0.230104
16.192; 0.923607; 0.51963; 0.480086; 0.23041
16.256; 0.923605; 0.520285; 0.480056; 0.230685
16.32; 0.923424; 0.520909; 0.479973; 0.230876
16.384; 0.920098; 0.521223; 0.475661; 0.228116
16.448; 0.920087; 0.521871; 0.481355; 0.231131
16.512; 0.920092; 0.522485; 0.481316; 0.231385
16.576; 0.920098; 0.523061; 0.481318; 0.231643
16.64; 0.920102; 0.523593; 0.4813; 0.231871
16.704; 0.920105; 0.524076; 0.481299; 0.232085
16.768; 0.920107; 0.524504; 0.481285; 0.232268
16.832; 0.92011; 0.524873; 0.481314; 0.232446
16.896; 0.920111; 0.522057; 0.4813; 0.231193
16.96; 0.920113; 0.517612; 0.481315; 0.229232
17.024; 0.920115; 0.513141; 0.481287; 0.227239
17.088; 0.920116; 0.508657; 0.481317; 0.225267
17.152; 0.920116; 0.504172; 0.481317; 0.223281
17.216; 0.920116; 0.499701; 0.481288; 0.221288
17.28; 0.920116; 0.495263; 0.481317; 0.219336
17.344; 0.920115; 0.490873; 0.481302; 0.217385
17.408; 0.920114; 0.486554; 0.481316; 0.215478
17.472; 0.920112; 0.482329; 0.481287; 0.213594
17.536; 0.92011; 0.47753; 0.339189; 0.149033
17.6; 0.92462; 0.474974; 0.555912; 0.24414
17.664; 0.922185; 0.473115; 0.435604; 0.190054
17.728; 0.916286; 0.471638; 0.422237; 0.182472
17.792; 0.914604; 0.470526; 0.510745; 0.219796
17.856; 0.912401; 0.468956; 0.508087; 0.217398
17.92; 0.912428; 0.46796; 0.514742; 0.219784
17.984; 0.912448; 0.467049; 0.506424; 0.215817
18.048; 0.912904; 0.46613; 0.506707; 0.21562
18.112; 0.894093; 0.464603; 0.482637; 0.200486
18.176; 0.894053; 0.463967; 0.527244; 0.218707
18.24; 0.892285; 0.463153; 0.517168; 0.213727
18.304; 0.891844; 0.462433; 0.524761; 0.216421
18.368; 0.877048; 0.460822; 0.447028; 0.180672
18.432; 0.879364; 0.459847; 0.541844; 0.219107
18.496; 0.878335; 0.459195; 0.517236; 0.208615
18.56; 0.869491; 0.456977; 0.508587; 0.202081
18.624; 0.868832; 0.456615; 0.558944; 0.221745
18.688; 0.866059; 0.456072; 0.542561; 0.214303
18.752; 0.853744; 0.455247; 0.535566; 0.208155
18.816; 0.84429; 0.454551; 0.552236; 0.211934
18.88; 0.840258; 0.453887; 0.606351; 0.231252
18.944; 0.837416; 0.45249; 0.551722; 0.20906
19.008; 0.826314; 0.451694; 0.566113; 0.211297
19.072; 0.826323; 0.451452; 0.639442; 0.238541
19.136; 0.798441; 0.450206; 0.613884; 0.220669
19.2; 0.792586; 0.448746; 0.554154; 0.197096
19.264; 0.785385; 0.447845; 0.641476; 0.225627
19.328; 0.784315; 0.446687; 0.618544; 0.216703
19.392; 0.781827; 0.445121; 0.611461; 0.212793
19.456; 0.781019; 0.443774; 0.605896; 0.210001
19.52; 0.780167; 0.441793; 0.554518; 0.191127
19.584; 0.781173; 0.438916; 0.449695; 0.154187
19.648; 0.780441; 0.436158; 0.468858; 0.159597
19.712; 0.780746; 0.433364; 0.467606; 0.158213
19.776; 0.781066; 0.430615; 0.470746; 0.15833
19.84; 0.779505; 0.427797; 0.467235; 0.155809
19.904; 0.781904; 0.425006; 0.469026; 0.155864
19.968; 0.780347; 0.422366; 0.474648; 0.15644
20.032; 0.779734; 0.419611; 0.467761; 0.153045
20.096; 0.778405; 0.416848; 0.468363; 0.151973
20.16; 0.77891; 0.414065; 0.46735; 0.150729
20.224; 0.776339; 0.411315; 0.469731; 0.149994
20.288; 0.774669; 0.408516; 0.465192; 0.147217
20.352; 0.774756; 0.405694; 0.46656; 0.146646
20.416; 0.77676; 0.402922; 0.467614; 0.146351
20.48; 0.776646; 0.400163; 0.466285; 0.144914
20.544; 0.775704; 0.397416; 0.465308; 0.143444
20.608; 0.776993; 0.394751; 0.470144; 0.144202
20.672; 0.778777; 0.392184; 0.473261; 0.144545
20.736; 0.778211; 0.389544; 0.470347; 0.142585
20.8; 0.779349; 0.387012; 0.474451; 0.143103
20.864; 0.777869; 0.384603; 0.48015; 0.143647
20.928; 0.7778; 0.382116; 0.47569; 0.14138
20.992; 0.776876; 0.379714; 0.478901; 0.141271
21.056; 0.776895; 0.377099; 0.46837; 0.137217
21.12; 0.77711; 0.374528; 0.468617; 0.136391
21.184; 0.777637; 0.372009; 0.469541; 0.135832
21.248; 0.777563; 0.369432; 0.466961; 0.134138
21.312; 0.77722; 0.366559; 0.467885; 0.133299
21.376; 0.774732; 0.364505; 0.473496; 0.133712
21.44; 0.776156; 0.362117; 0.468781; 0.131755
21.504; 0.776841; 0.359668; 0.467983; 0.130757
21.568; 0.776455; 0.357159; 0.46226; 0.128193
21.632; 0.776001; 0.354678; 0.464489; 0.127842
21.696; 0.780102; 0.352215; 0.463866; 0.127454
21.76; 0.778264; 0.349846; 0.470056; 0.127984
21.824; 0.778668; 0.347413; 0.46168; 0.124893
21.888; 0.77971; 0.345143; 0.474206; 0.127615
21.952; 0.780373; 0.342823; 0.469605; 0.125633
22.016; 0.778971; 0.340531; 0.470587; 0.12483
22.08; 0.779866; 0.33823; 0.468586; 0.123601
22.144; 0.780311; 0.336018; 0.474731; 0.124474
22.208; 0.781338; 0.333773; 0.467506; 0.121921
22.272; 0.782113; 0.331633; 0.477563; 0.123868
22.336; 0.779896; 0.329482; 0.473854; 0.121762
22.4; 0.778962; 0.32727; 0.465346; 0.118631
22.464; 0.77907; 0.325135; 0.473985; 0.120062
22.528; 0.777619; 0.323003; 0.471567; 0.118445
22.592; 0.77469; 0.320839; 0.466381; 0.115919
22.656; 0.775293; 0.318685; 0.46476; 0.11483
22.72; 0.773614; 0.316588; 0.469891; 0.115084
22.784; 0.774941; 0.314446; 0.462589; 0.112722
22.848; 0.776643; 0.312422; 0.472465; 0.114639
22.912; 0.778607; 0.310383; 0.464181; 0.112177
22.976; 0.781454; 0.308397; 0.472623; 0.113901
23.04; 0.781502; 0.30644; 0.475546; 0.113885
23.104; 0.779081; 0.304464; 0.468694; 0.111175
23.168; 0.781243; 0.302524; 0.472376; 0.111644
23.232; 0.77967; 0.300762; 0.491157; 0.115174
23.296; 0.778148; 0.298922; 0.473491; 0.110137
23.36; 0.777505; 0.297085; 0.476203; 0.109996
23.424; 0.777044; 0.295222; 0.475155; 0.109001
23.488; 0.775401; 0.293349; 0.471376; 0.107221
23.552; 0.776125; 0.291456; 0.467959; 0.105855
23.616; 0.77317; 0.289672; 0.476929; 0.106816
23.68; 0.772243; 0.287751; 0.45643; 0.101425
23.744; 0.772905; 0.28594; 0.471487; 0.104201
23.808; 0.773525; 0.284141; 0.471426; 0.103615
23.872; 0.773527; 0.282212; 0.470101; 0.102622
23.936; 0.773891; 0.28049; 0.467677; 0.101518
24; 0.773839; 0.278776; 0.469085; 0.101194
24.064; 0.77378; 0.277033; 0.468788; 0.10049
24.128; 0.773381; 0.275278; 0.466227; 0.0992572
24.192; 0.773265; 0.273436; 0.470601; 0.0995032
24.256; 0.77183; 0.271819; 0.468819; 0.0983575
24.32; 0.771776; 0.270183; 0.469133; 0.0978238
24.384; 0.772979; 0.268567; 0.474265; 0.0984559
24.448; 0.772529; 0.266886; 0.465051; 0.0958827
24.512; 0.771464; 0.265199; 0.461264; 0.0943708
24.576; 0.771513; 0.263348; 0.467063; 0.0948961
24.64; 0.772756; 0.261869; 0.465362; 0.094171
24.704; 0.774217; 0.260331; 0.471005; 0.0949324
24.768; 0.776454; 0.25875; 0.466754; 0.0937746
24.832; 0.776923; 0.257248; 0.478269; 0.0955877
24.896; 0.778021; 0.255705; 0.46926; 0.0933564
24.96; 0.779493; 0.254226; 0.476957; 0.0945173
25.024; 0.777635; 0.252841; 0.493546; 0.0970402
25.088; 0.776268; 0.251402; 0.475297; 0.0927569
25.152; 0.775679; 0.249977; 0.479181; 0.092914
25.216; 0.773798; 0.248525; 0.47602; 0.0915426
25.28; 0.773606; 0.247066; 0.469825; 0.0897983
25.344; 0.769665; 0.245656; 0.476208; 0.0900382
25.408; 0.769181; 0.244198; 0.461295; 0.0866461
25.472; 0.770176; 0.242671; 0.480579; 0.0898197
25.536; 0.768733; 0.241362; 0.471717; 0.0875237
25.6; 0.767135; 0.23997; 0.459926; 0.0846675
25.664; 0.769703; 0.238581; 0.465585; 0.0854983
25.728; 0.771213; 0.237307; 0.490617; 0.08979
25.792; 0.769974; 0.235965; 0.466928; 0.0848346
25.856; 0.77584; 0.234615; 0.466809; 0.0849704
25.92; 0.778467; 0.233469; 0.513226; 0.0932777
25.984; 0.776998; 0.232217; 0.481694; 0.0869128
26.048; 0.775317; 0.230941; 0.476906; 0.0853911
26.112; 0.775109; 0.229701; 0.482316; 0.0858731
26.176; 0.776689; 0.228455; 0.483604; 0.0858101
26.24; 0.773488; 0.227222; 0.482296; 0.0847652
26.304; 0.77339; 0.225935; 0.463634; 0.0810136
26.368; 0.773296; 0.224723; 0.484869; 0.0842591
26.432; 0.773388; 0.223499; 0.476099; 0.0822945
26.496; 0.771191; 0.222264; 0.472009; 0.0809061
26.56; 0.76976; 0.220985; 0.461898; 0.0785712
26.624; 0.770982; 0.219733; 0.46425; 0.0786485
26.688; 0.772111; 0.218633; 0.501361; 0.0846341
26.752; 0.770975; 0.217461; 0.472757; 0.0792609
26.816; 0.770527; 0.216296; 0.47292; 0.0788179
26.88; 0.76883; 0.215135; 0.47737; 0.0789579
26.944; 0.772712; 0.213951; 0.463953; 0.0767019
27.008; 0.771724; 0.212892; 0.502067; 0.0824864
27.072; 0.774926; 0.211739; 0.464159; 0.0761603
27.136; 0.774417; 0.210718; 0.505906; 0.0825559
27.2; 0.774256; 0.209605; 0.476711; 0.0773644
27.264; 0.774931; 0.20853; 0.483533; 0.0781372
27.328; 0.774375; 0.207448; 0.47938; 0.0770089
27.392; 0.77381; 0.206339; 0.473018; 0.0755253
27.456; 0.775129; 0.205272; 0.48003; 0.0763785
27.52; 0.773575; 0.20423; 0.489342; 0.0773096
27.584; 0.773578; 0.203116; 0.462955; 0.0727423
27.648; 0.775182; 0.202055; 0.475925; 0.074544
27.712; 0.777304; 0.201008; 0.475582; 0.0743068
27.776; 0.773293; 0.199924; 0.486392; 0.0751961
27.84; 0.770633; 0.198781; 0.454995; 0.0696995
27.904; 0.770373; 0.197896; 0.500909; 0.0763656
27.968; 0.770222; 0.196898; 0.473518; 0.0718116
28.032; 0.769044; 0.195879; 0.469454; 0.0707184
28.096; 0.770181; 0.194825; 0.455983; 0.0684206
28.16; 0.771242; 0.193823; 0.475378; 0.0710618
28.224; 0.772933; 0.192808; 0.46401; 0.0691504
28.288; 0.7752; 0.191797; 0.464156; 0.0690114
28.352; 0.777387; 0.190799; 0.470719; 0.0698194
28.416; 0.782463; 0.189794; 0.460574; 0.0683985
28.48; 0.780391; 0.188906; 0.498526; 0.0734931
28.544; 0.782139; 0.187901; 0.452017; 0.0664305
28.608; 0.782066; 0.187007; 0.492157; 0.071979
28.672; 0.782442; 0.186084; 0.477038; 0.0694567
28.736; 0.781257; 0.185173; 0.485002; 0.070164
28.8; 0.78021; 0.184255; 0.475076; 0.0682958
28.864; 0.779727; 0.183335; 0.472418; 0.0675328
28.928; 0.7803; 0.182435; 0.481063; 0.0684811
28.992; 0.777756; 0.18154; 0.476543; 0.0672847
29.056; 0.777662; 0.180601; 0.454509; 0.0638343
29.12; 0.775738; 0.179803; 0.516746; 0.0720756
29.184; 0.773219; 0.178911; 0.46658; 0.0645453
29.248; 0.772094; 0.178031; 0.468309; 0.0643722
29.312; 0.77107; 0.177163; 0.478174; 0.0653211
29.376; 0.774022; 0.176286; 0.465355; 0.0634973
29.44; 0.773903; 0.175458; 0.483983; 0.0657187
29.504; 0.775379; 0.174558; 0.453016; 0.0613152
29.568; 0.776788; 0.173727; 0.477884; 0.0644899
29.632; 0.778339; 0.172886; 0.470956; 0.0633737
29.696; 0.778823; 0.172043; 0.47352; 0.0634477
29.76; 0.780951; 0.171202; 0.465839; 0.0622829
29.824; 0.780796; 0.170422; 0.493886; 0.0657191
29.888; 0.779069; 0.169623; 0.477002; 0.0630348
29.952; 0.77705; 0.168807; 0.466437; 0.061183
30.016; 0.777931; 0.168003; 0.470108; 0.0614405
30.08; 0.77797; 0.16726; 0.502506; 0.0653877
30.144; 0.775239; 0.166479; 0.474508; 0.0612405
30.208; 0.77328; 0.165664; 0.45928; 0.058836
30.272; 0.774716; 0.164902; 0.478734; 0.0611593
30.336; 0.772818; 0.164172; 0.489182; 0.0620652
30.4; 0.775937; 0.16336; 0.450636; 0.0571214
30.464; 0.775458; 0.162717; 0.529822; 0.066853
30.528; 0.776803; 0.161662; 0.460336; 0.0578087
30.592; 0.778028; 0.161115; 0.493046; 0.0618044
30.656; 0.777272; 0.160461; 0.48445; 0.0604214
30.72; 0.777654; 0.159717; 0.46037; 0.05718
30.784; 0.779331; 0.159043; 0.486035; 0.0602424
30.848; 0.778321; 0.158346; 0.479236; 0.0590631
30.912; 0.776266; 0.157622; 0.468829; 0.0573644
30.976; 0.777039; 0.1569; 0.462993; 0.056447
31.04; 0.774713; 0.156231; 0.478413; 0.0579042
31.104; 0.774735; 0.15558; 0.436368; 0.052597
31.168; 0.778744; 0.155182; 0.465923; 0.0563056
31.232; 0.774207; 0.15421; 0.44355; 0.0529556
31.296; 0.768974; 0.153686; 0.289842; 0.0342536
31.36; 0.762262; 0.153337; 0.285424; 0.0333613
31.424; 0.759161; 0.152752; 0.361888; 0.0419657
31.488; 0.768609; 0.152265; 0.457997; 0.0536003
31.552; 0.778222; 0.152016; 0.342563; 0.040526
31.616; 0.769953; 0.151597; 0.322668; 0.0376625
31.68; 0.730559; 0.151367; 0.22572; 0.0249608
31.744; 0.690843; 0.151135; 0.178732; 0.0186615
31.808; 0.674846; 0.150451; 0.292515; 0.0296993
31.872; 0.679757; 0.150156; 0.242514; 0.0247533
31.936; 0.687; 0.149811; 0.206115; 0.0212134
32; 0.694094; 0.149058; 0.317698; 0.0328691
32.064; 0.69376; 0.148774; 0.181277; 0.0187103
32.128; 0.692061; 0.148478; 0.170449; 0.0175146
32.192; 0.697194; 0.147756; 0.31918; 0.0328803
32.256; 0.713926; 0.147414; 0.190985; 0.0200998
32.32; 0.729944; 0.147019; 0.208734; 0.0224004
32.384; 0.732735; 0.146262; 0.352938; 0.0378249
32.448; 0.720878; 0.145956; 0.232942; 0.0245093
32.512; 0.707942; 0.145676; 0.236154; 0.0243546
32.576; 0.715146; 0.145091; 0.372067; 0.0386061
32.64; 0.733514; 0.14485; 0.26655; 0.0283208
32.704; 0.737296; 0.144267; 0.415878; 0.0442358
32.768; 0.725277; 0.144034; 0.295112; 0.0308288
32.832; 0.710323; 0.143698; 0.249823; 0.0254998
32.896; 0.712304; 0.143888; 0.500845; 0.0513327
32.96; 0.731141; 0.143287; 0.423473; 0.0443644
33.024; 0.754544; 0.143241; 0.462621; 0.0500008
33.088; 0.761607; 0.142742; 0.612411; 0.0665771
33.152; 0.755952; 0.142739; 0.420623; 0.0453867
33.216; 0.742707; 0.142745; 0.473006; 0.0501471
33.28; 0.745695; 0.144249; 0.465698; 0.050093
33.344; 0.758108; 0.143931; 0.495124; 0.0540254
33.408; 0.780477; 0.142226; 0.401889; 0.0446112
33.472; 0.781418; 0.142475; 0.595437; 0.0662913
33.536; 0.769479; 0.142256; 0.45042; 0.0493043
33.6; 0.761498; 0.142063; 0.525135; 0.0568095
33.664; 0.772755; 0.142052; 0.53053; 0.0582371
33.728; 0.782349; 0.142548; 0.412663; 0.0460211
33.792; 0.768884; 0.143056; 0.454679; 0.0500118
33.856; 0.749724; 0.144119; 0.324659; 0.0350791
33.92; 0.73802; 0.145094; 0.462461; 0.0495214
33.984; 0.737384; 0.146103; 0.641858; 0.0691499
34.048; 0.743388; 0.147898; 0.395357; 0.0434679
34.112; 0.741661; 0.149819; 0.397252; 0.0441407
34.176; 0.730397; 0.151556; 0.533368; 0.0590419
34.24; 0.727279; 0.153848; 0.375037; 0.0419629
34.304; 0.729267; 0.156091; 0.437482; 0.0497996
34.368; 0.761643; 0.156589; 0.366704; 0.0437349
34.432; 0.754462; 0.158587; 0.315297; 0.0377246
34.496; 0.771203; 0.161111; 0.36354; 0.0451695
34.56; 0.779222; 0.163127; 0.446402; 0.0567431
34.624; 0.758942; 0.165728; 0.350604; 0.0440983
34.688; 0.762573; 0.167383; 0.561603; 0.0716839
34.752; 0.809491; 0.166792; 0.434637; 0.0586832
34.816; 0.818913; 0.166431; 0.523038; 0.0712861
34.88; 0.82355; 0.165724; 0.654563; 0.0893363
34.944; 0.826281; 0.165382; 0.52986; 0.0724066
35.008; 0.805591; 0.165013; 0.535704; 0.0712128
35.072; 0.814259; 0.164407; 0.650549; 0.0870892
35.136; 0.83448; 0.164065; 0.536005; 0.0733841
35.2; 0.835124; 0.163477; 0.647278; 0.0883685
35.264; 0.830883; 0.163109; 0.540308; 0.073225
35.328; 0.80268; 0.162789; 0.515903; 0.0674116
35.392; 0.803908; 0.162183; 0.673672; 0.0878333
35.456; 0.822585; 0.161999; 0.480177; 0.0639873
35.52; 0.834297; 0.161575; 0.58438; 0.0787755
35.584; 0.831052; 0.160952; 0.672195; 0.0899126
35.648; 0.806361; 0.16067; 0.506314; 0.065597
35.712; 0.791694; 0.160183; 0.525383; 0.0666268
35.776; 0.802434; 0.160015; 0.414017; 0.0531604
35.84; 0.792844; 0.159714; 0.359773; 0.0455574
35.904; 0.768749; 0.158947; 0.513546; 0.0627502
35.968; 0.776937; 0.15855; 0.429015; 0.0528475
36.032; 0.774883; 0.157924; 0.548618; 0.0671357
36.096; 0.77873; 0.157472; 0.428993; 0.0526065
36.16; 0.768995; 0.15723; 0.398322; 0.0481609
36.224; 0.753517; 0.156636; 0.454651; 0.0536617
36.288; 0.765732; 0.156214; 0.412402; 0.0493307
36.352; 0.770091; 0.155693; 0.480184; 0.0575728
36.416; 0.762183; 0.155203; 0.466177; 0.0551454
36.48; 0.767189; 0.155044; 0.316489; 0.0376457
36.544; 0.780461; 0.154579; 0.471311; 0.0568603
36.608; 0.79171; 0.154182; 0.460575; 0.0562213
36.672; 0.777412; 0.153895; 0.470658; 0.0563094
36.736; 0.756184; 0.153589; 0.460828; 0.0535214
36.8; 0.766438; 0.153674; 0.328091; 0.0386431
36.864; 0.782158; 0.153356; 0.36665; 0.0439791
36.928; 0.775042; 0.152804; 0.446862; 0.0529216
36.992; 0.782594; 0.152366; 0.479319; 0.0571544
37.056; 0.778727; 0.15184; 0.552217; 0.065295
37.12; 0.792143; 0.151386; 0.487522; 0.0584634
37.184; 0.802528; 0.151012; 0.532604; 0.0645469
37.248; 0.792089; 0.150594; 0.418929; 0.0499715
37.312; 0.778463; 0.150445; 0.257928; 0.0302075
37.376; 0.76293; 0.150267; 0.330596; 0.0379006
37.44; 0.766701; 0.14966; 0.572322; 0.0656709
37.504; 0.780156; 0.149227; 0.536356; 0.0624429
37.568; 0.780193; 0.148883; 0.392144; 0.0455503
37.632; 0.763886; 0.14854; 0.48785; 0.0553553
37.696; 0.735291; 0.148449; 0.270937; 0.0295737
37.76; 0.731323; 0.147902; 0.485669; 0.052532
37.824; 0.759003; 0.147788; 0.294816; 0.03307
37.888; 0.767422; 0.147365; 0.49707; 0.0562143
37.952; 0.749575; 0.146922; 0.428605; 0.047202
38.016; 0.735092; 0.147021; 0.194661; 0.0210377
38.08; 0.728336; 0.146841; 0.328119; 0.0350921
38.144; 0.740031; 0.146338; 0.474909; 0.0514299
38.208; 0.760759; 0.146225; 0.327228; 0.0364014
38.272; 0.776218; 0.145829; 0.466376; 0.0527914
38.336; 0.756527; 0.145623; 0.440937; 0.048577
38.4; 0.733614; 0.145726; 0.199262; 0.0213025
38.464; 0.741419; 0.145494; 0.28046; 0.0302538
38.528; 0.760164; 0.145381; 0.356223; 0.0393675
38.592; 0.775581; 0.145069; 0.427623; 0.048113
38.656; 0.777308; 0.14466; 0.561943; 0.0631878
38.72; 0.768834; 0.144453; 0.377141; 0.0418855
38.784; 0.768601; 0.14426; 0.333359; 0.0369623
38.848; 0.772737; 0.144012; 0.427014; 0.0475195
38.912; 0.777979; 0.143601; 0.522031; 0.0583205
38.976; 0.78536; 0.143198; 0.546015; 0.0614058
39.04; 0.775244; 0.142965; 0.453372; 0.0502484
39.104; 0.763558; 0.142682; 0.528819; 0.0576126
39.168; 0.766719; 0.142773; 0.176765; 0.0193498
39.232; 0.757585; 0.142495; 0.387826; 0.0418667
39.296; 0.765722; 0.141966; 0.558156; 0.0606753
39.36; 0.761716; 0.141673; 0.486438; 0.0524938
39.424; 0.755897; 0.141259; 0.482421; 0.0515116
39.488; 0.722391; 0.141169; 0.280384; 0.0285934
39.552; 0.730113; 0.141035; 0.304555; 0.0313603
39.616; 0.736486; 0.140588; 0.485088; 0.0502266
39.68; 0.72048; 0.140335; 0.377856; 0.0382046
39.744; 0.705941; 0.140087; 0.388057; 0.0383761
39.808; 0.730826; 0.139862; 0.401942; 0.0410845
39.872; 0.734683; 0.139668; 0.334321; 0.0343052
39.936; 0.734192; 0.139636; 0.259451; 0.0265988
40; 0.725075; 0.139485; 0.3674; 0.0371576
40.064; 0.728972; 0.139099; 0.428356; 0.043435
40.128; 0.752895; 0.139134; 0.425506; 0.0445731
40.192; 0.762391; 0.138778; 0.361358; 0.0382327
40.256; 0.741808; 0.138702; 0.267554; 0.0275287
40.32; 0.716905; 0.138821; 0.179915; 0.0179054
40.384; 0.724525; 0.138391; 0.479067; 0.0480349
40.448; 0.739659; 0.138104; 0.484682; 0.0495103
40.512; 0.739478; 0.137948; 0.314926; 0.0321256
40.576; 0.721772; 0.137701; 0.41039; 0.040788
40.64; 0.730401; 0.137796; 0.210007; 0.0211364
40.704; 0.717172; 0.137457; 0.453136; 0.0446702
40.768; 0.715698; 0.137514; 0.231041; 0.0227387
40.832; 0.736087; 0.137311; 0.451454; 0.0456299
40.896; 0.737521; 0.137095; 0.320901; 0.0324465
40.96; 0.739206; 0.137078; 0.258985; 0.0262427
41.024; 0.709349; 0.136688; 0.492611; 0.0477632
41.088; 0.731901; 0.136905; 0.106748; 0.0106962
41.152; 0.741047; 0.136691; 0.3592; 0.0363849
41.216; 0.740632; 0.136405; 0.391503; 0.0395519
41.28; 0.750016; 0.136133; 0.49544; 0.0505853
41.344; 0.750843; 0.135811; 0.426324; 0.0434735
41.408; 0.751349; 0.135715; 0.237255; 0.0241927
41.472; 0.749871; 0.135507; 0.476475; 0.048416
41.536; 0.754541; 0.135122; 0.430457; 0.0438874
41.6; 0.746676; 0.134847; 0.450632; 0.0453729
41.664; 0.749689; 0.134737; 0.488446; 0.0493383
41.728; 0.749693; 0.134354; 0.486976; 0.0490505
41.792; 0.743139; 0.134253; 0.264777; 0.0264164
41.856; 0.747582; 0.134241; 0.218424; 0.0219202
41.92; 0.74798; 0.133773; 0.620396; 0.0620765
41.984; 0.737225; 0.133558; 0.375415; 0.0369642
42.048; 0.730928; 0.13331; 0.395699; 0.0385569
42.112; 0.740558; 0.132943; 0.496813; 0.0489121
42.176; 0.755838; 0.132782; 0.40435; 0.0405813
42.24; 0.74159; 0.132471; 0.446338; 0.0438478
42.304; 0.720977; 0.132513; 0.113147; 0.01081
42.368; 0.73595; 0.132501; 0.315775; 0.0307926
42.432; 0.740033; 0.132117; 0.53; 0.0518187
42.496; 0.754653; 0.13205; 0.35394; 0.0352707
42.56; 0.76514; 0.13185; 0.546917; 0.055175
42.624; 0.755813; 0.131682; 0.372961; 0.0371197
42.688; 0.743643; 0.131675; 0.289277; 0.0283258
42.752; 0.742874; 0.131425; 0.645862; 0.0630568
42.816; 0.740853; 0.131577; 0.133171; 0.0129814
42.88; 0.745901; 0.13161; 0.137658; 0.0135136
42.944; 0.736669; 0.131502; 0.51751; 0.0501331
43.008; 0.732139; 0.131022; 0.45307; 0.0434612
43.072; 0.735345; 0.130944; 0.511536; 0.0492554
43.136; 0.721823; 0.130615; 0.433202; 0.0408428
43.2; 0.713326; 0.130592; 0.46221; 0.0430572
43.264; 0.69634; 0.130325; 0.340368; 0.0308885
43.328; 0.69535; 0.13028; 0.471703; 0.0427316
43.392; 0.694062; 0.130362; 0.104583; 0.00946261
43.456; 0.701982; 0.130409; 0.515732; 0.0472125
43.52; 0.681723; 0.130074; 0.37378; 0.0331449
43.584; 0.668459; 0.130296; 0.396665; 0.0345484
43.648; 0.65939; 0.129786; 0.469868; 0.0402112
43.712; 0.673367; 0.130198; 0.317018; 0.0277933
43.776; 0.665151; 0.130107; 0.21137; 0.0182922
43.84; 0.653032; 0.130304; 0.447405; 0.0380709
43.904; 0.613378; 0.13009; 0.326648; 0.0260646
43.968; 0.616003; 0.130161; 0.385336; 0.030896
44.032; 0.607077; 0.13003; 0.301358; 0.0237887
44.096; 0.615521; 0.130385; 0.250708; 0.0201206
44.16; 0.581107; 0.13028; 0.198446; 0.0150236
44.224; 0.564019; 0.130626; 0.277412; 0.0204384
44.288; 0.537372; 0.130149; 0.438428; 0.0306629
44.352; 0.545936; 0.130608; 0.141984; 0.010124
44.416; 0.526808; 0.130571; 0.189183; 0.0130131
44.48; 0.523041; 0.130521; 0.219037; 0.0149532
44.544; 0.483195; 0.130353; 0.25122; 0.0158233
44.608; 0.49209; 0.130082; 0.268736; 0.0172023
44.672; 0.489897; 0.130435; 0.0484013; 0.00309284
44.736; 0.51305; 0.130308; 0.19507; 0.0130414
44.8; 0.491326; 0.130013; 0.291249; 0.0186046
44.864; 0.489573; 0.129989; 0.160852; 0.0102365
44.928; 0.478849; 0.129868; 0.239182; 0.0148741
44.992; 0.500573; 0.129941; 0.137104; 0.00891788
45.056; 0.49943; 0.129739; 0.253178; 0.0164047
45.12; 0.500924; 0.129595; 0.194015; 0.0125949
45.184; 0.484807; 0.129261; 0.337298; 0.0211373
45.248; 0.499566; 0.129022; 0.229822; 0.0148131
45.312; 0.506698; 0.128984; 0.183045; 0.0119631
45.376; 0.527468; 0.128824; 0.302372; 0.0205463
45.44; 0.51826; 0.128683; 0.171551; 0.011441
45.504; 0.519964; 0.128848; 0.123841; 0.00829689
45.568; 0.506514; 0.128349; 0.26593; 0.0172883
45.632; 0.521923; 0.128321; 0.235528; 0.0157742
45.696; 0.507538; 0.128179; 0.201821; 0.0131296
45.76; 0.491904; 0.128045; 0.313587; 0.0197516
45.824; 0.475259; 0.128528; 0.137784; 0.0084164
45.888; 0.495403; 0.128279; 0.164632; 0.0104623
45.952; 0.491038; 0.127821; 0.297979; 0.0187026
46.016; 0.489833; 0.127713; 0.0882145; 0.00551851
46.08; 0.476499; 0.127953; 0.0498123; 0.00303704
46.144; 0.488148; 0.127647; 0.153315; 0.00955317
46.208; 0.491648; 0.12729; 0.181369; 0.0113504
46.272; 0.494077; 0.126857; 0.2408; 0.0150927
46.336; 0.477012; 0.127103; 0.0430564; 0.0026105
46.4; 0.486956; 0.126927; 0.128477; 0.00794088
46.464; 0.493365; 0.126519; 0.199295; 0.01244
46.528; 0.494654; 0.126169; 0.189773; 0.0118437
46.592; 0.483875; 0.126499; 0.077312; 0.00473226
46.656; 0.501463; 0.126024; 0.295933; 0.018702
46.72; 0.492017; 0.12572; 0.136794; 0.00846153
46.784; 0.490683; 0.125551; 0.150692; 0.00928345
46.848; 0.472959; 0.125503; 0.143107; 0.00849451
46.912; 0.48395; 0.125023; 0.243755; 0.0147484
46.976; 0.47909; 0.124817; 0.151592; 0.00906498
47.04; 0.500604; 0.124351; 0.250223; 0.0155766
47.104; 0.484534; 0.123825; 0.251788; 0.0151067
47.168; 0.48265; 0.123559; 0.194879; 0.0116218
47.232; 0.458779; 0.12332; 0.150032; 0.0084883
47.296; 0.456816; 0.123031; 0.256326; 0.0144062
47.36; 0.468276; 0.122783; 0.177172; 0.0101867
47.424; 0.463215; 0.122817; 0.143897; 0.00818638
47.488; 0.463247; 0.122402; 0.276931; 0.0157026
47.552; 0.469323; 0.122201; 0.156415; 0.00897066
47.616; 0.469998; 0.121979; 0.241329; 0.0138354
47.68; 0.469996; 0.121758; 0.260055; 0.0148818
47.744; 0.469784; 0.121365; 0.38141; 0.0217462
47.808; 0.469777; 0.121199; 0.24708; 0.0140679
47.872; 0.469778; 0.120862; 0.342738; 0.0194602
47.936; 0.469786; 0.120445; 0.421646; 0.0238582
48; 0.469786; 0.120222; 0.241703; 0.0136511
48.064; 0.469781; 0.119862; 0.429763; 0.0241996
48.128; 0.469777; 0.119801; 0.112451; 0.00632872
48.192; 0.484556; 0.119657; 0.2941; 0.0170521
48.256; 0.474836; 0.119275; 0.376019; 0.0212962
48.32; 0.480463; 0.118946; 0.330937; 0.0189128
48.384; 0.46978; 0.118602; 0.386989; 0.0215619
48.448; 0.469777; 0.118421; 0.203288; 0.0113092
48.512; 0.469775; 0.118108; 0.425903; 0.0236309
48.576; 0.472276; 0.118092; 0.0180773; 0.0010082
48.64; 0.474795; 0.117992; 0.260331; 0.0145842
48.704; 0.488724; 0.117749; 0.365532; 0.0210351
48.768; 0.469783; 0.117467; 0.377359; 0.0208241
48.832; 0.475164; 0.117182; 0.386975; 0.021547
48.896; 0.469781; 0.116994; 0.339758; 0.0186736
48.96; 0.469779; 0.11668; 0.433968; 0.0237874
49.024; 0.469367; 0.116603; 0.294506; 0.0161182
49.088; 0.483935; 0.116647; 0.2396; 0.0135253
49.152; 0.460217; 0.116453; 0.323617; 0.0173438
49.216; 0.457342; 0.116232; 0.344243; 0.0182991
49.28; 0.446973; 0.116176; 0.188387; 0.00978247
49.344; 0.452298; 0.115932; 0.220551; 0.0115647
49.408; 0.47229; 0.115996; 0.092458; 0.00506519
49.472; 0.488583; 0.11585; 0.0229093; 0.00129672
49.536; 0.479048; 0.115817; 0.0556447; 0.00308726
49.6; 0.465849; 0.115884; 0.278845; 0.0150532
49.664; 0.44777; 0.115682; 0.319104; 0.0165293
49.728; 0.458531; 0.115896; 0.325746; 0.0173107
49.792; 0.470774; 0.115903; 0.349671; 0.0190795
49.856; 0.475849; 0.115942; 0.291016; 0.0160556
49.92; 0.462362; 0.116003; 0.374469; 0.0200848
49.984; 0.450701; 0.116356; 0.281974; 0.0147873
50.048; 0.457953; 0.116391; 0.296567; 0.0158075
50.112; 0.471712; 0.116482; 0.358268; 0.0196854
50.176; 0.475007; 0.11653; 0.275848; 0.0152689
50.24; 0.463331; 0.116736; 0.289301; 0.0156476
50.304; 0.450063; 0.11672; 0.373871; 0.0196399
50.368; 0.450676; 0.116465; 0.400913; 0.0210431
50.432; 0.460602; 0.116581; 0.307618; 0.0165183
50.496; 0.470563; 0.116508; 0.394104; 0.0216064
50.56; 0.469141; 0.116529; 0.232474; 0.0127091
50.624; 0.464769; 0.11691; 0.229051; 0.0124457
50.688; 0.446848; 0.116804; 0.201348; 0.0105092
50.752; 0.454023; 0.11664; 0.383635; 0.0203163
50.816; 0.46102; 0.116736; 0.208123; 0.0112006
50.88; 0.466763; 0.116614; 0.362147; 0.0197121
50.944; 0.475561; 0.116807; 0.238158; 0.0132294
51.008; 0.492079; 0.116946; 0.268628; 0.0154587
51.072; 0.482022; 0.116891; 0.297259; 0.0167488
51.136; 0.487154; 0.11666; 0.442356; 0.0251398
51.2; 0.477247; 0.11687; 0.261624; 0.0145923
51.264; 0.476277; 0.11715; 0.253612; 0.0141505
51.328; 0.449556; 0.1173; 0.283544; 0.014952
51.392; 0.461665; 0.11725; 0.293385; 0.015881
51.456; 0.462137; 0.117506; 0.221311; 0.012018
51.52; 0.47043; 0.117415; 0.376504; 0.0207965
51.584; 0.476127; 0.117624; 0.225924; 0.0126526
51.648; 0.489912; 0.11775; 0.240186; 0.0138556
51.712; 0.474327; 0.117877; 0.222519; 0.0124415
51.776; 0.467663; 0.118066; 0.310142; 0.0171245
51.84; 0.461979; 0.117947; 0.363234; 0.0197923
51.904; 0.474438; 0.118108; 0.255391; 0.0143108
51.968; 0.477649; 0.117977; 0.31467; 0.0177321
52.032; 0.467257; 0.118481; 0.224268; 0.0124157
52.096; 0.457534; 0.118681; 0.315357; 0.0171241
52.16; 0.464723; 0.11861; 0.34868; 0.0192195
52.224; 0.473253; 0.118769; 0.180631; 0.0101529
52.288; 0.493271; 0.118915; 0.22778; 0.0133609
52.352; 0.486772; 0.118939; 0.327176; 0.0189423
52.416; 0.491315; 0.118944; 0.351719; 0.0205541
52.48; 0.477297; 0.119177; 0.249272; 0.0141793
52.544; 0.476979; 0.119532; 0.309642; 0.017654
52.608; 0.476926; 0.119554; 0.26812; 0.0152878
52.672; 0.482658; 0.119762; 0.157289; 0.00909196
52.736; 0.482626; 0.119663; 0.367031; 0.021197
52.8; 0.4697; 0.119678; 0.363985; 0.0204606
52.864; 0.461361; 0.120108; 0.276662; 0.0153308
52.928; 0.483715; 0.120149; 0.265689; 0.0154413
52.992; 0.488829; 0.12018; 0.194554; 0.0114296
53.056; 0.485451; 0.12016; 0.219506; 0.0128043
53.12; 0.458784; 0.120346; 0.349962; 0.0193224
53.184; 0.481076; 0.120319; 0.0639583; 0.00370209
53.248; 0.494198; 0.120473; 0.205976; 0.0122633
53.312; 0.506905; 0.120321; 0.159645; 0.00973702
53.376; 0.492436; 0.120455; 0.303649; 0.0180113
53.44; 0.501796; 0.120655; 0.114274; 0.00691859
53.504; 0.502006; 0.120768; 0.210027; 0.0127332
53.568; 0.509872; 0.120401; 0.149846; 0.00919891
53.632; 0.509863; 0.120264; 0.4101; 0.0251466
53.696; 0.498042; 0.120563; 0.276968; 0.0166307
53.76; 0.487279; 0.120725; 0.385435; 0.0226739
53.824; 0.49625; 0.120934; 0.157635; 0.00946017
53.888; 0.506548; 0.12108; 0.262196; 0.0160812
53.952; 0.516813; 0.121048; 0.361989; 0.0226457
54.016; 0.503761; 0.121316; 0.267482; 0.016347
54.08; 0.515037; 0.121685; 0.205132; 0.0128561
54.144; 0.518116; 0.121652; 0.341617; 0.021532
54.208; 0.514135; 0.121248; 0.18934; 0.0118031
54.272; 0.518842; 0.121278; 0.173651; 0.0109268
54.336; 0.52312; 0.120975; 0.252342; 0.0159693
54.4; 0.531067; 0.121067; 0.322253; 0.0207192
54.464; 0.521913; 0.121211; 0.148006; 0.00936309
54.528; 0.498718; 0.121342; 0.0981403; 0.00593899
54.592; 0.504093; 0.121253; 0.312203; 0.0190827
54.656; 0.504116; 0.121166; 0.224207; 0.0136949
54.72; 0.49813; 0.121333; 0.0567697; 0.00343116
54.784; 0.489628; 0.121392; 0.265243; 0.0157653
54.848; 0.486154; 0.121297; 0.263671; 0.0155485
54.912; 0.495685; 0.121532; 0.142458; 0.00858189
54.976; 0.505202; 0.121455; 0.140073; 0.0085948
55.04; 0.527086; 0.121408; 0.282161; 0.0180563
55.104; 0.525197; 0.12117; 0.45015; 0.0286468
55.168; 0.519263; 0.12127; 0.00563692; 0.000354964
55.232; 0.524978; 0.121451; 0.163733; 0.0104394
55.296; 0.521938; 0.12157; 0.186084; 0.0118074
55.36; 0.522388; 0.121339; 0.364855; 0.0231268
55.424; 0.527762; 0.121234; 0.228452; 0.014617
55.488; 0.510924; 0.121558; 0.0651347; 0.00404531
55.552; 0.506001; 0.121994; 0.0999698; 0.00617107
55.616; 0.505452; 0.121548; 0.342119; 0.0210187
55.68; 0.514108; 0.121527; 0.0858653; 0.00536471
55.744; 0.515106; 0.121464; 0.34399; 0.0215223
55.808; 0.510883; 0.121438; 0.371739; 0.0230628
55.872; 0.485765; 0.121526; 0.0122385; 0.000722477
55.936; 0.477808; 0.122077; 0.222935; 0.0130036
56; 0.479916; 0.121885; 0.297286; 0.0173896
56.064; 0.487409; 0.121533; 0.339625; 0.0201182
56.128; 0.494596; 0.121458; 0.140527; 0.00844181
56.192; 0.491257; 0.121694; 0.144814; 0.00865741
56.256; 0.472999; 0.121845; 0.164021; 0.00945295
56.32; 0.448937; 0.121853; 0.173589; 0.00949612
56.384; 0.4407; 0.121874; 0.0570896; 0.00306628
56.448; 0.428054; 0.121961; 0.133504; 0.00696973
56.512; 0.4; 0.12211; 0.178902; 0.00873826
56.576; 0.4; 0.12195; 0.13189; 0.00643361
56.64; 0.4; 0.122092; 0.107633; 0.00525644
56.704; 0.406817; 0.122232; 0.0563872; 0.00280392
56.768; 0.4; 0.12215; 0.282356; 0.0137959
56.832; 0.402738; 0.122361; 0.179601; 0.0088506
56.896; 0.40285; 0.12226; 0.1054; 0.00519121
56.96; 0.406345; 0.122508; 0.210953; 0.0105013
57.024; 0.402151; 0.122877; 0.272085; 0.0134451
57.088; 0.403265; 0.122244; 0.153878; 0.00758568
57.152; 0.414073; 0.12236; 0.0452132; 0.00229077
57.216; 0.406831; 0.122742; 0.446255; 0.0222838
57.28; 0.401051; 0.122766; 0.0434806; 0.00214078
57.344; 0.401666; 0.122622; 0.137642; 0.00677931
57.408; 0.407507; 0.122798; 0.171591; 0.0085866
57.472; 0.420856; 0.122954; 0.406399; 0.0210294
57.536; 0.421238; 0.122893; 0.0240521; 0.0012451
57.6; 0.425153; 0.122797; 0.0308602; 0.00161113
57.664; 0.432012; 0.122828; 0.308387; 0.016364
57.728; 0.4268; 0.123023; 0.388001; 0.0203725
57.792; 0.417196; 0.12323; 0.27146; 0.013956
57.856; 0.416556; 0.123067; 0.0537658; 0.00275626
57.92; 0.428168; 0.123225; 0.268925; 0.0141887
57.984; 0.428209; 0.123159; 0.505771; 0.0266731
58.048; 0.408046; 0.123252; 0.125478; 0.0063106
58.112; 0.409868; 0.123485; 0.117182; 0.00593092
58.176; 0.415286; 0.123406; 0.348445; 0.0178574
58.24; 0.423169; 0.12363; 0.168152; 0.00879713
58.304; 0.415919; 0.123505; 0.0526328; 0.00270365
58.368; 0.413918; 0.123621; 0.0905666; 0.00463422
58.432; 0.406912; 0.12351; 0.224828; 0.0112994
58.496; 0.401668; 0.123854; 0.127389; 0.00633738
58.56; 0.4; 0.123615; 0.199203; 0.00984977
58.624; 0.406046; 0.123599; 0.117377; 0.0058908
58.688; 0.401579; 0.123693; 0.0605456; 0.00300744
58.752; 0.401829; 0.123853; 0.261077; 0.0129933
58.816; 0.4; 0.123994; 0.0451513; 0.0022394
58.88; 0.400577; 0.124161; 0.0579142; 0.00288042
58.944; 0.40545; 0.12397; 0.0449735; 0.00226053
59.008; 0.409262; 0.123768; 0.166567; 0.0084372
59.072; 0.416995; 0.124222; 0.351376; 0.0182013
59.136; 0.424207; 0.124377; 0.20806; 0.0109776
59.2; 0.428324; 0.124193; 0.154414; 0.00821404
59.264; 0.431703; 0.124081; 0.466081; 0.0249662
59.328; 0.436094; 0.124324; 0.0391249; 0.00212124
59.392; 0.432889; 0.124404; 0.14139; 0.00761429
59.456; 0.439933; 0.124413; 0.108047; 0.00591377
59.52; 0.445135; 0.124482; 0.503262; 0.0278865
59.584; 0.438075; 0.124659; 0.163529; 0.00893033
59.648; 0.434891; 0.124577; 0.0633822; 0.00343389
59.712; 0.43984; 0.124466; 0.139486; 0.00763613
59.776; 0.443063; 0.124606; 0.596108; 0.03291
59.84; 0.432959; 0.124852; 0.0431074; 0.00233021
59.904; 0.423325; 0.124723; 0.123537; 0.00652253
59.968; 0.431756; 0.124632; 0.0692083; 0.00372415
60.032; 0.421989; 0.124953; 0.392455; 0.0206936
60.096; 0.408103; 0.124853; 0.240879; 0.0122735
60.16; 0.4; 0.124742; 0.157528; 0.00786013
60.224; 0.402559; 0.124603; 0.265225; 0.0133037
60.288; 0.40263; 0.124794; 0.113498; 0.00570279
60.352; 0.408142; 0.125339; 0.232428; 0.0118901
60.416; 0.407481; 0.124918; 0.104925; 0.00534087
60.48; 0.422709; 0.124869; 0.333; 0.0175767
60.544; 0.410748; 0.125136; 0.384837; 0.0197804
60.608; 0.405944; 0.124878; 0.234405; 0.0118828
60.672; 0.404641; 0.124917; 0.171587; 0.00867311
60.736; 0.412813; 0.125196; 0.182296; 0.0094215
60.8; 0.448072; 0.125205; 0.412404; 0.0231362
60.864; 0.442445; 0.125242; 0.396415; 0.0219665
60.928; 0.437512; 0.125283; 0.322708; 0.0176885
60.992; 0.43432; 0.125168; 0.197556; 0.0107397
61.056; 0.440344; 0.125347; 0.25461; 0.0140534
61.12; 0.437986; 0.125209; 0.206267; 0.0113116
61.184; 0.451713; 0.125836; 0.34247; 0.0194665
61.248; 0.470517; 0.125893; 0.219003; 0.0129726
61.312; 0.486215; 0.125899; 0.212727; 0.0130219
61.376; 0.482056; 0.126071; 0.415374; 0.0252435
61.44; 0.469566; 0.126171; 0.279602; 0.0165652
61.504; 0.44499; 0.126008; 0.254493; 0.01427
61.568; 0.471604; 0.126096; 0.256748; 0.0152682
61.632; 0.494657; 0.126568; 0.327877; 0.0205276
61.696; 0.54871; 0.126781; 0.262825; 0.0182836
61.76; 0.512078; 0.126887; 0.235164; 0.01528
61.824; 0.524197; 0.126685; 0.300309; 0.0199428
61.888; 0.513613; 0.126974; 0.152327; 0.0099341
61.952; 0.524454; 0.127149; 0.337076; 0.0224775
62.016; 0.527066; 0.127124; 0.285401; 0.0191226
62.08; 0.583042; 0.127496; 0.277432; 0.020623
62.144; 0.575999; 0.128009; 0.280602; 0.0206896
62.208; 0.56597; 0.12798; 0.304389; 0.0220477
62.272; 0.533053; 0.127865; 0.302901; 0.0206454
62.336; 0.534473; 0.128163; 0.19902; 0.0136328
62.4; 0.522127; 0.128271; 0.311829; 0.0208843
62.464; 0.534072; 0.12856; 0.256942; 0.0176417
62.528; 0.539845; 0.12881; 0.305684; 0.0212564
62.592; 0.603004; 0.129021; 0.275481; 0.0214325
62.656; 0.564446; 0.129306; 0.280681; 0.0204859
62.72; 0.541605; 0.129396; 0.292915; 0.0205279
62.784; 0.500173; 0.129358; 0.233868; 0.0151316
62.848; 0.513714; 0.129443; 0.255633; 0.0169988
62.912; 0.498858; 0.129514; 0.338277; 0.0218559
62.976; 0.505904; 0.129852; 0.256621; 0.0168581
63.04; 0.501505; 0.129959; 0.202863; 0.0132216
63.104; 0.499057; 0.129828; 0.259413; 0.0168079
63.168; 0.511386; 0.129755; 0.316988; 0.0210337
63.232; 0.515035; 0.129837; 0.326831; 0.0218554
63.296; 0.480017; 0.129595; 0.260847; 0.0162268
63.36; 0.508199; 0.129447; 0.277249; 0.0182388
63.424; 0.521994; 0.129914; 0.30593; 0.0207464
63.488; 0.559091; 0.12976; 0.311703; 0.0226134
63.552; 0.497561; 0.129634; 0.274338; 0.0176951
63.616; 0.49754; 0.129292; 0.292944; 0.0188445
63.68; 0.506473; 0.129654; 0.336757; 0.0221136
63.744; 0.569233; 0.129693; 0.210655; 0.0155517
63.808; 0.537837; 0.130055; 0.327303; 0.0228943
63.872; 0.533278; 0.129857; 0.210682; 0.0145897
63.936; 0.519251; 0.130062; 0.270456; 0.0182652
64; 0.524694; 0.130222; 0.338857; 0.023153
64.064; 0.530178; 0.130112; 0.265095; 0.0182868
64.128; 0.531149; 0.130427; 0.296197; 0.0205194
64.192; 0.549534; 0.13021; 0.378529; 0.0270856
64.256; 0.548595; 0.130413; 0.282513; 0.020212
64.32; 0.519861; 0.130037; 0.232516; 0.0157184
64.384; 0.537035; 0.130122; 0.310277; 0.0216821
64.448; 0.52152; 0.130275; 0.256363; 0.0174175
64.512; 0.553946; 0.130134; 0.272083; 0.0196138
64.576; 0.539161; 0.1304; 0.451861; 0.0317689
64.64; 0.517306; 0.130326; 0.282087; 0.0190178
64.704; 0.52243; 0.130059; 0.21023; 0.0142844
64.768; 0.555372; 0.13055; 0.263211; 0.0190838
64.832; 0.564982; 0.130603; 0.223108; 0.0164627
64.896; 0.596661; 0.130532; 0.33362; 0.0259833
64.96; 0.584428; 0.130334; 0.0659522; 0.00502364
65.024; 0.567592; 0.130729; 0.251603; 0.0186692
65.088; 0.527988; 0.13074; 0.320827; 0.0221464
65.152; 0.511165; 0.130451; 0.177568; 0.0118405
65.216; 0.505704; 0.130428; 0.27026; 0.0178257
65.28; 0.502806; 0.130679; 0.27; 0.0177407
65.344; 0.481722; 0.130538; 0.208699; 0.0131236
65.408; 0.487916; 0.130109; 0.0549382; 0.0034876
65.472; 0.497751; 0.130218; 0.284333; 0.0184293
65.536; 0.512297; 0.130708; 0.0791871; 0.00530248
65.6; 0.494545; 0.130479; 0.226417; 0.0146102
65.664; 0.502737; 0.129936; 0.0821294; 0.00536501
65.728; 0.50434; 0.130021; 0.319143; 0.0209277
65.792; 0.51089; 0.130059; 0.320977; 0.0213276
65.856; 0.482866; 0.129851; 0.230756; 0.0144686
65.92; 0.488348; 0.129409; 0.0683417; 0.00431897
65.984; 0.487104; 0.129602; 0.33426; 0.0211018
66.048; 0.52273; 0.129596; 0.0994799; 0.00673913
66.112; 0.534889; 0.130049; 0.261495; 0.0181902
66.176; 0.51413; 0.129715; 0.173364; 0.0115617
66.24; 0.528906; 0.129705; 0.35769; 0.0245381
66.304; 0.565045; 0.129858; 0.0848539; 0.00622622
66.368; 0.574943; 0.129719; 0.218994; 0.0163328
66.432; 0.536918; 0.129561; 0.173056; 0.0120383
66.496; 0.500059; 0.129493; 0.299864; 0.0194175
66.56; 0.504682; 0.129327; 0.111359; 0.0072683
66.624; 0.491244; 0.129661; 0.354707; 0.0225932
66.688; 0.511871; 0.129271; 0.112096; 0.00741746
66.752; 0.558025; 0.129372; 0.229934; 0.0165996
66.816; 0.558733; 0.129362; 0.189048; 0.0136642
66.88; 0.529111; 0.129093; 0.274989; 0.0187829
66.944; 0.539531; 0.128931; 0.181231; 0.0126068
67.008; 0.582249; 0.129233; 0.308848; 0.0232395
67.072; 0.572662; 0.12933; 0.199129; 0.0147479
67.136; 0.523241; 0.129218; 0.201812; 0.013645
67.2; 0.485796; 0.128935; 0.155981; 0.00977002
67.264; 0.483825; 0.128986; 0.249685; 0.015582
67.328; 0.473008; 0.129214; 0.211997; 0.0129572
67.392; 0.457248; 0.128999; 0.189315; 0.0111666
67.456; 0.457011; 0.128776; 0.187137; 0.0110134
67.52; 0.477278; 0.128884; 0.222453; 0.0136838
67.584; 0.511821; 0.129074; 0.203918; 0.0134714
67.648; 0.488162; 0.128988; 0.228303; 0.0143755
67.712; 0.46893; 0.128538; 0.248672; 0.0149888
67.776; 0.51553; 0.128487; 0.183888; 0.0121806
67.84; 0.542863; 0.128904; 0.205111; 0.0143531
67.904; 0.506885; 0.128675; 0.205896; 0.0134292
67.968; 0.473884; 0.128361; 0.191082; 0.0116232
68.032; 0.462667; 0.128407; 0.222796; 0.0132362
68.096; 0.447853; 0.128659; 0.386056; 0.0222447
68.16; 0.459723; 0.128442; 0.171025; 0.0100987
68.224; 0.465138; 0.128571; 0.328562; 0.0196491
68.288; 0.491581; 0.128222; 0.252028; 0.0158858
68.352; 0.475375; 0.128385; 0.309544; 0.0188918
68.416; 0.452173; 0.128149; 0.218267; 0.0126476
68.48; 0.464236; 0.127861; 0.168506; 0.0100021
68.544; 0.50365; 0.127866; 0.117493; 0.00756648
68.608; 0.494095; 0.128283; 0.267351; 0.0169457
68.672; 0.478459; 0.127961; 0.181254; 0.0110971
68.736; 0.451134; 0.127679; 0.131544; 0.00757701
68.8; 0.443393; 0.127247; 0.106371; 0.00600147
68.864; 0.461318; 0.127558; 0.227575; 0.0133916
68.928; 0.485404; 0.127542; 0.179031; 0.0110837
68.992; 0.492434; 0.127303; 0.167549; 0.0105034
69.056; 0.46759; 0.126865; 0.150707; 0.00894002
69.12; 0.472582; 0.126939; 0.28378; 0.0170237
69.184; 0.465454; 0.127035; 0.198533; 0.0117391
69.248; 0.460925; 0.126449; 0.157989; 0.00920814
69.312; 0.471585; 0.12658; 0.222278; 0.0132685
69.376; 0.478708; 0.127112; 0.257346; 0.0156593
69.44; 0.506682; 0.126647; 0.136774; 0.00877677
69.504; 0.518231; 0.126622; 0.190324; 0.0124889
69.568; 0.508877; 0.126591; 0.137992; 0.00888939
69.632; 0.476642; 0.126377; 0.151631; 0.00913369
69.696; 0.462788; 0.125936; 0.101524; 0.005917
69.76; 0.492618; 0.125832; 0.0165096; 0.00102338
69.824; 0.518698; 0.126129; 0.0910515; 0.00595684
69.888; 0.485305; 0.125876; 0.145319; 0.00887726
69.952; 0.469448; 0.12563; 0.0956253; 0.00563967
70.016; 0.510368; 0.125556; 0.0497589; 0.00318854
70.08; 0.546264; 0.125609; 0.107809; 0.00739736
70.144; 0.501276; 0.125447; 0.128528; 0.00808232
70.208; 0.473014; 0.125424; 0.136818; 0.008117
70.272; 0.476951; 0.125214; 0.0723495; 0.00432079
70.336; 0.473471; 0.125276; 0.282691; 0.0167677
70.4; 0.474601; 0.125071; 0.0687194; 0.00407911
70.464; 0.476; 0.125124; 0.196064; 0.0116774
70.528; 0.534913; 0.125073; 0.0517915; 0.00346502
70.592; 0.512332; 0.125233; 0.059226; 0.00379999
70.656; 0.490207; 0.124878; 0.131701; 0.00806217
70.72; 0.460101; 0.124903; 0.188072; 0.0108081
70.784; 0.47899; 0.124508; 0.215699; 0.0128639
70.848; 0.492766; 0.124769; 0.0530084; 0.00325906
70.912; 0.493931; 0.124785; 0.110868; 0.00683336
70.976; 0.511804; 0.124826; 0.190654; 0.0121802
71.04; 0.478084; 0.124355; 0.119058; 0.00707826
71.104; 0.492833; 0.124463; 0.281291; 0.0172542
71.168; 0.462119; 0.124464; 0.197958; 0.011386
71.232; 0.464753; 0.124496; 0.042368; 0.00245142
71.296; 0.471854; 0.124264; 0.0449163; 0.00263364
71.36; 0.504912; 0.124662; 0.176687; 0.0111213
71.424; 0.479995; 0.123907; 0.18395; 0.0109404
71.488; 0.492698; 0.124031; 0.257621; 0.0157432
71.552; 0.485631; 0.124296; 0.115635; 0.00697995
71.616; 0.524064; 0.124168; 0.0541828; 0.00352578
71.68; 0.521003; 0.123605; 0.104342; 0.00671944
71.744; 0.486966; 0.123919; 0.18043; 0.0108879
71.808; 0.487633; 0.123852; 0.107542; 0.00649492
71.872; 0.482853; 0.123869; 0.107917; 0.0064546
71.936; 0.461034; 0.123699; 0.0775451; 0.00442234
72; 0.453085; 0.123862; 0.029845; 0.00167491
72.064; 0.460284; 0.123888; 0.22276; 0.0127026
72.128; 0.451842; 0.123389; 0.190911; 0.0106437
72.192; 0.451379; 0.123033; 0.0893909; 0.00496429
72.256; 0.458419; 0.123197; 0.158107; 0.00892925
72.32; 0.463568; 0.123695; 0.341814; 0.0195999
72.384; 0.45512; 0.123281; 0.17523; 0.00983177
72.448; 0.45245; 0.123073; 0.0905455; 0.00504196
72.512; 0.438225; 0.122881; 0.264804; 0.0142595
72.576; 0.452099; 0.123077; 0.14422; 0.00802485
72.64; 0.448369; 0.123381; 0.150963; 0.00835132
72.704; 0.45265; 0.12307; 0.0804694; 0.00448274
72.768; 0.462357; 0.122941; 0.182956; 0.0103997
72.832; 0.463755; 0.123365; 0.196971; 0.0112689
72.896; 0.448306; 0.122986; 0.125552; 0.00692234
72.96; 0.449412; 0.122888; 0.0357854; 0.00197634
73.024; 0.473741; 0.12286; 0.142564; 0.00829778
73.088; 0.488619; 0.123639; 0.204431; 0.0123502
73.152; 0.473031; 0.123179; 0.135336; 0.0078857
73.216; 0.468488; 0.123163; 0.14989; 0.00864869
73.28; 0.478797; 0.122928; 0.126694; 0.0074569
73.344; 0.476963; 0.123462; 0.152607; 0.00898654
73.408; 0.464645; 0.122983; 0.0712807; 0.00407322
73.472; 0.468103; 0.123073; 0.19528; 0.0112502
73.536; 0.498605; 0.122908; 0.064316; 0.00394145
73.6; 0.515169; 0.123571; 0.159864; 0.010177
73.664; 0.533481; 0.12364; 0.179393; 0.0118327
73.728; 0.527917; 0.123478; 0.148708; 0.00969366
73.792; 0.557331; 0.123042; 0.075349; 0.00516706
73.856; 0.545602; 0.123944; 0.18592; 0.0125727
73.92; 0.601197; 0.123994; 0.142155; 0.0105969
73.984; 0.556299; 0.123495; 0.143238; 0.0098405
74.048; 0.582546; 0.123853; 0.15131; 0.010917
74.112; 0.569006; 0.123961; 0.143031; 0.0100886
74.176; 0.586371; 0.123803; 0.166257; 0.0120694
74.24; 0.562501; 0.124102; 0.0352735; 0.00246237
74.304; 0.580919; 0.124146; 0.147026; 0.0106033
74.368; 0.569853; 0.12451; 0.170475; 0.0120956
74.432; 0.573436; 0.124053; 0.157453; 0.0112006
74.496; 0.535206; 0.124216; 0.22814; 0.015167
74.56; 0.601735; 0.124372; 0.0999399; 0.00747941
74.624; 0.577531; 0.124646; 0.175283; 0.012618
74.688; 0.607568; 0.124699; 0.126643; 0.00959489
74.752; 0.601185; 0.124712; 0.218876; 0.0164103
74.816; 0.623343; 0.124742; 0.142218; 0.0110585
74.88; 0.584546; 0.12536; 0.253239; 0.0185571
74.944; 0.610845; 0.125206; 0.151101; 0.0115564
75.008; 0.590354; 0.125195; 0.166745; 0.012324
75.072; 0.635807; 0.125731; 0.0761471; 0.00608727
75.136; 0.622638; 0.126093; 0.153352; 0.0120397
75.2; 0.623865; 0.125789; 0.174989; 0.0137323
75.264; 0.584604; 0.125997; 0.268208; 0.0197557
75.328; 0.617935; 0.125945; 0.0872208; 0.00678803
75.392; 0.582601; 0.126025; 0.177748; 0.0130506
75.456; 0.629935; 0.1264; 0.270057; 0.0215031
75.52; 0.62663; 0.126695; 0.199888; 0.0158693
75.584; 0.645157; 0.12642; 0.00478783; 0.000390499
75.648; 0.607054; 0.126865; 0.302944; 0.023331
75.712; 0.653678; 0.126879; 0.10151; 0.00841902
75.776; 0.653668; 0.127087; 0.154405; 0.0128268
75.84; 0.684309; 0.127316; 0.15734; 0.0137081
75.904; 0.637051; 0.127825; 0.252741; 0.020581
75.968; 0.648893; 0.127824; 0.227476; 0.0188678
76.032; 0.647698; 0.128068; 0.248958; 0.0206509
76.096; 0.709106; 0.128634; 0.197934; 0.0180546
76.16; 0.658732; 0.129131; 0.223; 0.018969
76.224; 0.655935; 0.129142; 0.204685; 0.0173387
76.288; 0.607905; 0.129473; 0.37832; 0.0297764
76.352; 0.655135; 0.129646; 0.21021; 0.0178543
76.416; 0.652438; 0.130207; 0.181002; 0.0153765
76.48; 0.697753; 0.13065; 0.309911; 0.0282519
76.544; 0.678239; 0.130744; 0.250241; 0.0221902
76.608; 0.705506; 0.13089; 0.157205; 0.0145169
76.672; 0.64919; 0.131766; 0.213373; 0.0182522
76.736; 0.647398; 0.131786; 0.231494; 0.0197507
76.8; 0.643221; 0.131887; 0.169065; 0.0143423
76.864; 0.699853; 0.132593; 0.196488; 0.0182332
76.928; 0.655244; 0.133031; 0.26076; 0.0227298
76.992; 0.656468; 0.133051; 0.251843; 0.021997
77.056; 0.627686; 0.133244; 0.303963; 0.025422
77.12; 0.698784; 0.133669; 0.218038; 0.0203659
77.184; 0.694368; 0.134279; 0.181324; 0.0169064
77.248; 0.718155; 0.134306; 0.244591; 0.0235914
77.312; 0.66863; 0.134644; 0.281297; 0.0253244
77.376; 0.68182; 0.135095; 0.229559; 0.0211449
77.44; 0.639143; 0.135587; 0.237869; 0.0206135
77.504; 0.685603; 0.1357; 0.190033; 0.01768
77.568; 0.664279; 0.136161; 0.2173; 0.0196545
77.632; 0.686809; 0.136546; 0.268896; 0.0252173
77.696; 0.643858; 0.13701; 0.223831; 0.0197453
77.76; 0.66095; 0.137072; 0.218373; 0.0197842
77.824; 0.657889; 0.13743; 0.24549; 0.0221956
77.888; 0.713507; 0.13811; 0.197083; 0.0194211
77.952; 0.677758; 0.138504; 0.217511; 0.0204183
78.016; 0.693213; 0.138717; 0.166626; 0.0160228
78.08; 0.664072; 0.139124; 0.303653; 0.028054
78.144; 0.728577; 0.139561; 0.203028; 0.0206442
78.208; 0.703521; 0.139903; 0.138552; 0.013637
78.272; 0.72429; 0.14017; 0.248489; 0.0252275
78.336; 0.673996; 0.140277; 0.43192; 0.0408362
78.4; 0.704733; 0.140539; 0.183074; 0.0181321
78.464; 0.69001; 0.140815; 0.165119; 0.0160437
78.528; 0.741118; 0.141467; 0.210158; 0.0220337
78.592; 0.69118; 0.141644; 0.320247; 0.0313526
78.656; 0.712142; 0.141544; 0.283479; 0.0285745
78.72; 0.659293; 0.141759; 0.280141; 0.0261822
78.784; 0.724837; 0.141757; 0.334077; 0.0343266
78.848; 0.703034; 0.142358; 0.0832161; 0.00832844
78.912; 0.726756; 0.142678; 0.254544; 0.0263942
78.976; 0.672893; 0.142844; 0.314573; 0.0302364
79.04; 0.704067; 0.142714; 0.328424; 0.0330001
79.104; 0.691829; 0.142931; 0.228354; 0.0225805
79.168; 0.742727; 0.143374; 0.331783; 0.0353308
79.232; 0.693731; 0.143698; 0.251348; 0.0250563
79.296; 0.711731; 0.143573; 0.341308; 0.0348767
79.36; 0.66424; 0.143978; 0.206886; 0.0197856
79.424; 0.737257; 0.144236; 0.170488; 0.0181296
79.488; 0.719933; 0.144484; 0.252121; 0.0262254
79.552; 0.738341; 0.144527; 0.451021; 0.0481284
79.616; 0.677974; 0.144811; 0.255908; 0.0251245
79.68; 0.70484; 0.144676; 0.387806; 0.0395461
79.744; 0.69385; 0.145109; 0.185653; 0.0186923
79.808; 0.749211; 0.145729; 0.127089; 0.0138758
79.872; 0.692878; 0.145743; 0.319849; 0.032299
79.936; 0.716295; 0.145605; 0.373211; 0.0389245
80; 0.68043; 0.145965; 0.308896; 0.0306793
80.064; 0.743587; 0.146538; 0.184109; 0.0200612
80.128; 0.728471; 0.146744; 0.19803; 0.0211692
80.192; 0.77008; 0.146628; 0.363114; 0.0410012
80.256; 0.710556; 0.147162; 0.25256; 0.0264094
80.32; 0.727987; 0.147227; 0.406705; 0.0435904
80.384; 0.717588; 0.147583; 0.116867; 0.0123767
80.448; 0.781975; 0.147923; 0.104344; 0.0120697
80.512; 0.732306; 0.148159; 0.323166; 0.0350627
80.576; 0.737744; 0.148254; 0.373349; 0.0408344
80.64; 0.681731; 0.148371; 0.237194; 0.0239919
80.704; 0.741757; 0.148738; 0.167924; 0.0185266
80.768; 0.738484; 0.149343; 0.225165; 0.0248329
80.832; 0.76181; 0.149371; 0.29074; 0.0330839
80.896; 0.696537; 0.149568; 0.172988; 0.0180218
80.96; 0.713515; 0.149638; 0.478465; 0.0510853
81.024; 0.707405; 0.150146; 0.18586; 0.0197409
81.088; 0.772536; 0.150398; 0.0488719; 0.00567832
81.152; 0.732971; 0.150414; 0.0901139; 0.00993499
81.216; 0.755181; 0.150013; 0.0910354; 0.0103131
81.28; 0.702147; 0.150012; 0.218074; 0.0229698
81.344; 0.755005; 0.150216; 0.217497; 0.0246672
81.408; 0.750524; 0.150555; 0.170406; 0.0192551
81.472; 0.771823; 0.150582; 0.188978; 0.0219635
81.536; 0.714485; 0.150692; 0.217186; 0.0233838
81.6; 0.725449; 0.150859; 0.330774; 0.0362
81.664; 0.735658; 0.151014; 0.179213; 0.0199097
81.728; 0.792056; 0.15129; 0.071447; 0.00856152
81.792; 0.786198; 0.151467; 0.334331; 0.0398132
81.856; 0.790161; 0.151578; 0.15283; 0.0183047
81.92; 0.718655; 0.151629; 0.172192; 0.0187635
81.984; 0.717638; 0.151784; 0.350499; 0.0381785
82.048; 0.727255; 0.152026; 0.23064; 0.0255
82.112; 0.775147; 0.152383; 0.0745347; 0.00880395
82.176; 0.721438; 0.152354; 0.269003; 0.0295672
82.24; 0.702013; 0.152337; 0.175423; 0.0187602
82.304; 0.68669; 0.152303; 0.174753; 0.0182765
